NAME,B01001_001E,B01001_002E,B01001_003E,B01001_004E,B01001_005E,B01001_006E,B01001_007E,B01001_008E,B01001_009E,B01001_010E,B01001_011E,B01001_012E,B01001_013E,B01001_014E,B01001_015E,B01001_016E,B01001_017E,B01001_018E,B01001_019E,B01001_020E,B01001_021E,B01001_022E,B01001_023E,B01001_024E,B01001_025E,B01001_026E,B01001_027E,B01001_028E,B01001_029E,B01001_030E,B01001_031E,B01001_032E,B01001_033E,B01001_034E,B01001_035E,B01001_036E,B01001_037E,B01001_038E,B01001_039E,B01001_040E,B01001_041E,B01001_042E,B01001_043E,B01001_044E,B01001_045E,B01001_046E,B01001_047E,B01001_048E,B01001_049E,state,county,youth_18_24,pct_youth,GEOID
"Alamance County, North Carolina",176893.0,84742,5107,5174,6145,3547,2886.0,1186.0,1041.0,3511.0,5284,5717,5324,4969,5006,5672,5771,2259,3101,1853,2824,3344,2371,1473,1177,92151,4953,5382,5409,3492,3298.0,1854.0,1443.0,2751.0,5609,6071,5634,5583,5456,5891,6191,2535,3288,2177,3106,4465,3082,2370,2111,37,001,17970.0,10.15868349793378,37001
"Alexander County, North Carolina",36412.0,18639,924,944,1173,595,343.0,101.0,82.0,794.0,1173,1319,1224,1098,1293,1249,1291,865,534,364,691,1126,844,375,237,17773,881,875,916,836,297.0,215.0,122.0,534.0,996,1036,1181,991,1053,1189,1285,478,804,522,609,1043,1102,421,387,37,003,2488.0,6.832912226738438,37003
"Alleghany County, North Carolina",11174.0,5519,208,338,251,134,95.0,46.0,19.0,152.0,238,324,246,278,295,424,363,170,345,143,524,368,309,163,86,5655,212,220,230,239,61.0,46.0,38.0,186.0,234,351,292,219,276,337,378,229,265,153,536,350,399,201,203,37,005,643.0,5.754429926615357,37005
"Anson County, North Carolina",22289.0,11475,596,620,659,295,213.0,155.0,239.0,340.0,968,991,605,934,730,708,905,326,244,390,334,526,296,279,122,10814,540,537,693,486,153.0,96.0,107.0,413.0,660,609,742,497,594,697,687,500,355,342,458,505,460,376,307,37,007,1716.0,7.698864910942617,37007
"Ashe County, North Carolina",26950.0,13247,559,652,575,445,206.0,86.0,70.0,538.0,686,720,708,801,846,859,835,475,798,514,608,936,768,320,242,13703,515,481,752,568,285.0,107.0,48.0,387.0,640,700,542,897,739,872,862,715,638,419,478,1328,715,468,547,37,009,1727.0,6.408163265306123,37009
"Avery County, North Carolina",17680.0,9501,334,388,318,276,327.0,124.0,111.0,262.0,577,593,671,683,776,747,558,321,461,120,393,683,448,241,89,8179,355,382,338,163,390.0,156.0,69.0,155.0,564,382,331,471,485,479,505,239,509,193,365,710,593,160,185,37,011,1594.0,9.015837104072398,37011
"Beaufort County, North Carolina",44499.0,21231,960,1164,1242,838,468.0,89.0,291.0,828.0,1023,1082,965,1353,1190,1293,1483,697,1040,700,806,1727,1200,432,360,23268,1161,1285,1069,796,330.0,60.0,221.0,929.0,1096,1135,1362,1205,1396,1430,1436,910,1260,795,1074,1753,1153,672,740,37,013,3216.0,7.227128699521337,37013
"Bertie County, North Carolina",17170.0,8901,369,456,352,335,201.0,67.0,56.0,474.0,711,424,701,630,483,532,592,296,339,165,291,731,463,91,142,8269,337,477,268,194,174.0,91.0,92.0,152.0,390,384,396,516,431,574,576,293,467,391,430,580,488,318,250,37,015,1307.0,7.6121141525917295,37015
"Bladen County, North Carolina",29566.0,14277,760,691,1138,607,409.0,265.0,102.0,368.0,754,782,815,803,844,882,970,592,376,430,649,887,758,221,174,15289,707,937,766,488,317.0,237.0,149.0,343.0,841,778,868,926,917,922,1199,523,555,574,655,968,732,404,483,37,017,2190.0,7.407156869376987,37017
"Brunswick County, North Carolina",152568.0,73340,2823,3243,3032,2002,962.0,650.0,463.0,2043.0,3331,3519,3858,3162,3359,4060,5040,2328,4998,2857,5082,8035,4694,2443,1356,79228,2655,2501,3303,1862,953.0,442.0,641.0,1840.0,3386,3651,4247,3332,3562,4450,6152,3306,5808,3912,5046,8831,5440,2266,1642,37,019,7994.0,5.239630853127785,37019
"Buncombe County, North Carolina",274360.0,132421,6392,7743,6259,4683,3056.0,1716.0,1661.0,3766.0,8463,9678,10042,8868,8873,8720,8645,3464,4780,2952,5085,7689,5041,2453,2392,141939,5949,6933,6696,4270,3109.0,1991.0,1257.0,3927.0,9196,9981,9337,10458,8545,8754,9242,3635,5980,3803,5947,8847,6223,3396,4463,37,021,20483.0,7.4657384458375855,37021
"Burke County, North Carolina",87795.0,43984,2196,2248,2322,1716,1028.0,743.0,535.0,1529.0,2697,2777,2722,2664,2669,2869,3336,1519,1784,1375,1587,2304,1376,1095,893,43811,2013,2101,2291,1281,689.0,482.0,327.0,1301.0,2619,2737,2220,2725,2582,3183,3343,1673,1843,1175,1813,2671,2037,1328,1377,37,023,6634.0,7.556238965772538,37023
"Cabarrus County, North Carolina",236133.0,115835,7452,7757,9642,5701,2944.0,1135.0,1874.0,3874.0,7028,7510,8160,8675,8136,8189,7243,2769,3641,2400,2634,3796,2514,1461,1300,120298,6841,8381,8272,5387,2803.0,1134.0,1167.0,4471.0,7095,8171,8736,9118,8322,8315,7228,2617,4307,2149,3457,4864,3312,2110,2041,37,025,19402.0,8.216555923991988,37025
"Caldwell County, North Carolina",80536.0,40160,2254,2224,2363,1504,809.0,467.0,673.0,1235.0,2265,2310,2000,2251,2905,3030,2690,1375,1830,1045,1801,2165,1436,912,616,40376,1679,1696,2631,1549,869.0,260.0,537.0,1209.0,2351,2343,2599,1774,2480,3060,2854,1147,2041,1047,1591,2766,1821,968,1104,37,027,6059.0,7.52334359789411,37027
"Camden County, North Carolina",10927.0,5596,402,394,319,305,252.0,28.0,35.0,195.0,307,291,342,387,325,338,555,116,196,91,278,107,237,78,18,5331,173,296,521,118,77.0,12.0,80.0,164.0,307,310,387,376,524,207,466,112,211,111,159,303,273,79,65,37,029,843.0,7.714834812848906,37029
"Carteret County, North Carolina",69148.0,33794,1146,1396,2119,1238,707.0,256.0,348.0,1006.0,1655,1695,1854,2039,1882,2273,2517,1124,1888,931,1798,2605,1570,993,754,35354,1396,1741,1564,1051,585.0,201.0,394.0,746.0,1579,1551,1771,2374,1783,2392,2387,1221,2604,1302,2011,2708,1804,1115,1074,37,031,4243.0,6.136113842772025,37031
"Caswell County, North Carolina",22404.0,11552,596,567,759,318,217.0,129.0,177.0,511.0,597,725,682,736,656,837,784,406,556,219,424,810,581,208,57,10852,405,360,668,437,181.0,164.0,123.0,275.0,514,591,398,777,713,708,699,362,608,269,554,854,584,381,227,37,033,1777.0,7.931619353686842,37033
"Catawba County, North Carolina",163573.0,80234,4475,4801,5385,3182,1946.0,1400.0,933.0,2782.0,5092,4967,4956,4439,5103,5640,6441,1798,3308,1786,2371,4156,2901,1443,929,83339,4227,4884,5031,3409,1917.0,744.0,874.0,3210.0,4902,5019,4366,5233,5157,5807,5664,2472,3398,2228,3027,4432,3229,2125,1984,37,035,13806.0,8.44026825943157,37035
"Chatham County, North Carolina",80151.0,38682,1759,1979,2521,1428,809.0,330.0,290.0,1185.0,1700,1926,2251,2670,2268,2642,2498,1479,1958,1072,1869,2202,1762,1204,880,41469,1843,2028,2425,1533,763.0,283.0,394.0,1234.0,1610,2028,2345,2247,2592,2861,2847,1370,1864,1138,1858,3100,2513,1400,1193,37,037,5288.0,6.597547129792517,37037
"Cherokee County, North Carolina",29562.0,14675,578,688,692,549,148.0,229.0,70.0,378.0,646,674,418,994,767,972,959,468,988,406,932,1383,914,504,318,14887,557,453,725,474,235.0,135.0,80.0,416.0,610,631,559,867,828,953,1246,480,792,526,1135,1204,904,654,423,37,039,1691.0,5.72018131384886,37039
"Chowan County, North Carolina",13836.0,6687,312,369,402,248,104.0,44.0,8.0,101.0,689,221,278,467,346,532,527,132,298,195,295,557,335,84,143,7149,387,285,453,196,148.0,50.0,4.0,288.0,158,446,357,406,409,418,557,190,400,342,446,517,282,251,159,37,041,747.0,5.398959236773634,37041
"Clay County, North Carolina",11610.0,5784,372,146,323,244,243.0,0.0,0.0,90.0,203,231,284,242,278,346,302,159,518,198,507,356,522,113,107,5826,172,409,104,95,84.0,48.0,129.0,124.0,129,234,350,238,307,376,245,346,433,369,391,444,403,162,234,37,043,718.0,6.184323858742463,37043
"Cleveland County, North Carolina",100991.0,48765,3015,3330,3073,1987,1334.0,879.0,513.0,1713.0,3159,3238,2436,2835,2765,3237,3523,1464,1879,1184,1892,2272,1618,829,590,52226,2876,3410,2963,1874,1391.0,550.0,472.0,1910.0,3251,3304,2191,3495,3081,3584,3339,1207,2717,1432,1880,2801,2161,926,1411,37,045,8762.0,8.676020635502175,37045
"Columbus County, North Carolina",50140.0,24639,1112,1270,1568,916,642.0,312.0,268.0,1100.0,1700,1795,1162,1825,1534,1623,1529,647,1095,592,797,1418,989,478,267,25501,1609,1642,1283,934,429.0,307.0,182.0,1023.0,1344,1418,1062,1657,1362,1718,1685,807,1204,533,922,1753,1006,815,806,37,047,4263.0,8.50219385719984,37047
"Craven County, North Carolina",102612.0,51477,3253,3217,2883,1765,1376.0,1208.0,1307.0,2959.0,3854,3271,3142,2539,2520,2628,2984,1113,1812,1298,1802,2668,1597,1367,914,51135,2860,2770,3142,1929,933.0,384.0,555.0,2447.0,3180,3200,3259,2443,2552,2774,2826,1460,2621,1376,2276,3035,2246,1568,1299,37,049,11169.0,10.884691848906561,37049
"Cumberland County, North Carolina",338545.0,167875,12546,12419,11511,6763,5820.0,4074.0,4398.0,11162.0,16178,13176,10653,9458,7700,7655,8045,3503,4120,3007,3727,5295,3391,1743,1531,170670,12171,11522,11539,6557,4181.0,2195.0,2660.0,8255.0,13818,13130,11380,10721,9110,9203,9145,3906,5840,3670,4929,6034,4480,3059,3165,37,051,42745.0,12.626091066180273,37051
"Currituck County, North Carolina",30601.0,15492,833,1062,1085,562,362.0,102.0,122.0,460.0,725,998,1096,1081,884,1086,1225,578,596,536,721,468,289,415,206,15109,676,764,1091,631,233.0,81.0,118.0,451.0,735,925,1410,769,878,1092,1206,573,622,666,599,586,581,191,231,37,053,1929.0,6.303715564850822,37053
"Dare County, North Carolina",37875.0,18671,714,1120,841,803,376.0,86.0,130.0,578.0,950,810,1111,1067,1222,1329,1312,532,1120,753,780,1558,782,333,364,19204,824,513,1311,645,307.0,149.0,58.0,540.0,799,878,1214,1151,1202,1238,1629,714,1039,819,775,1595,952,450,402,37,055,2224.0,5.871947194719472,37055
"Davidson County, North Carolina",172954.0,85013,4677,5118,5736,3633,1962.0,668.0,780.0,3369.0,5105,5193,4487,5571,5078,6308,6693,2647,3060,2454,2801,4069,3048,1427,1129,87941,4528,4749,5546,3489,1668.0,1198.0,641.0,2887.0,5241,5461,5341,5000,5408,6328,5840,3097,3549,2311,3180,4645,3417,2228,2189,37,057,13173.0,7.616476057217526,37057
"Davie County, North Carolina",44122.0,21814,1194,1335,1496,950,374.0,268.0,149.0,886.0,1129,1082,1215,1307,1247,1545,1702,555,928,574,839,1219,749,622,449,22308,987,1017,1414,814,446.0,253.0,383.0,622.0,965,1122,1339,1341,1334,1633,1859,597,859,585,792,1497,995,643,811,37,059,3381.0,7.66284393273197,37059
"Duplin County, North Carolina",49335.0,24300,1597,1804,1478,1136,683.0,226.0,234.0,1073.0,1391,1368,1275,1476,1459,1493,1459,915,818,511,824,1339,845,480,416,25035,1587,1565,1528,1013,616.0,216.0,184.0,979.0,1336,1496,1427,1321,1450,1550,1939,625,803,527,887,1661,929,662,734,37,061,4211.0,8.535522448565928,37061
"Durham County, North Carolina",332353.0,159485,9951,8480,9918,5459,4814.0,2446.0,2095.0,6829.0,13876,15256,12559,11091,9597,9434,8625,3947,4544,3372,4239,5605,3332,2249,1767,172868,9999,8488,9103,5205,5702.0,1868.0,2009.0,7568.0,15278,15819,13592,10692,10124,9974,9551,4252,6044,3729,5718,7240,5039,3108,2766,37,063,33331.0,10.028794685169082,37063
"Edgecombe County, North Carolina",48736.0,22844,1441,2147,1135,1168,643.0,280.0,217.0,760.0,1446,1435,1022,1340,1080,1271,1482,698,932,618,915,1209,695,583,327,25892,1372,1582,1401,906,495.0,141.0,90.0,1096.0,1624,1592,1420,1557,1466,1529,1664,847,1266,705,1215,1522,971,614,817,37,065,3722.0,7.637065003282995,37065
"Forsyth County, North Carolina",389977.0,185423,11398,11324,13965,8120,5770.0,2789.0,2161.0,7593.0,12184,12475,11736,10971,10874,11895,11854,5055,6738,4015,5422,8332,5731,2793,2228,204554,10955,11595,12881,8105,6518.0,3251.0,2712.0,7904.0,13072,13722,12208,12922,12020,12867,12891,4922,8396,5383,6491,9950,6305,4436,5048,37,067,38698.0,9.923149313933898,37067
"Franklin County, North Carolina",74386.0,36848,2081,2258,2283,1402,1220.0,307.0,474.0,1364.0,2188,2500,2778,2004,2449,2489,2694,937,1517,726,1347,1633,1456,488,253,37538,2123,2432,2104,1511,680.0,329.0,575.0,1176.0,2018,2387,1967,2682,2393,2583,3278,839,1376,704,1564,1999,1431,677,710,37,069,6125.0,8.234076304680988,37069
"Gaston County, North Carolina",234881.0,113669,7014,7268,7851,4823,2797.0,1556.0,1440.0,3840.0,7482,8145,7645,6830,7046,8135,7483,2765,4906,2626,3478,4599,3173,1468,1299,121212,6572,7008,7528,4632,2393.0,1512.0,1753.0,3371.0,7787,8719,8627,6872,7823,8508,8553,3477,3953,2713,4192,5666,4465,2604,2484,37,071,18662.0,7.945299960405482,37071
"Gates County, North Carolina",10376.0,4873,164,182,320,117,184.0,93.0,77.0,156.0,224,220,281,251,266,374,338,232,317,205,113,328,198,119,114,5503,150,462,357,242,142.0,18.0,48.0,69.0,173,371,363,282,272,414,304,263,293,267,241,226,247,97,202,37,073,787.0,7.584811102544332,37073
"Graham County, North Carolina",8072.0,4146,251,169,283,192,16.0,13.0,72.0,107.0,429,187,283,137,266,251,329,91,118,123,163,251,188,130,97,3926,73,174,299,103,98.0,67.0,47.0,95.0,225,197,301,150,203,217,262,146,159,121,247,247,271,142,82,37,075,515.0,6.380079286422201,37075
"Granville County, North Carolina",60877.0,30924,1661,1641,1877,1305,547.0,232.0,498.0,1411.0,1859,1943,1927,1986,2170,2253,2526,952,1177,881,854,1417,883,593,331,29953,1540,1654,1758,1157,476.0,426.0,280.0,898.0,1774,1961,1830,1791,1866,2103,2097,1009,1521,833,1147,1411,979,776,666,37,077,4768.0,7.832186211541305,37077
"Greene County, North Carolina",20486.0,11811,583,521,571,384,440.0,133.0,267.0,423.0,860,1022,1071,987,824,705,721,267,482,277,344,409,275,145,100,8675,403,462,592,346,172.0,122.0,167.0,195.0,525,475,545,443,480,546,590,312,306,212,468,482,303,319,210,37,079,1919.0,9.367372839988285,37079
"Guilford County, North Carolina",547940.0,260203,15536,17984,16817,11048,10353.0,4703.0,4195.0,10447.0,17373,17317,16454,15837,15240,16973,16342,6497,9210,6272,6917,10274,7234,3674,3506,287737,14958,16257,17136,10837,13041.0,5871.0,4428.0,11099.0,18698,19753,18070,17835,17136,18297,17599,7239,10176,5840,8536,13888,8449,5971,6623,37,081,64137.0,11.705113698580137,37081
"Halifax County, North Carolina",47675.0,23114,1257,1332,1613,961,441.0,426.0,444.0,474.0,1461,1478,1067,1598,1280,1362,1520,743,1138,585,1029,1219,784,450,452,24561,1357,1430,1304,859,484.0,204.0,338.0,687.0,1271,1502,1243,1387,1312,1455,1855,717,1160,885,1018,1536,1048,663,846,37,083,3498.0,7.337178814892502,37083
"Harnett County, North Carolina",139150.0,68978,5022,5294,4966,2861,1707.0,964.0,857.0,2245.0,5026,5645,5465,4634,4061,4127,3615,1591,2549,1091,1613,2631,1543,704,767,70172,4678,4297,5447,2829,1723.0,1246.0,907.0,1991.0,4867,5485,5441,4359,4204,4115,3843,1668,2348,1710,1926,2548,1744,1497,1299,37,085,11640.0,8.36507366151635,37085
"Haywood County, North Carolina",62662.0,30553,1348,1765,1484,1131,600.0,164.0,337.0,990.0,1800,2037,1498,1915,1697,2026,2171,902,1332,865,1569,1875,1481,1026,540,32109,1295,1493,1523,986,528.0,164.0,234.0,1051.0,1683,1908,1700,1799,1789,2226,2479,702,1799,1186,1525,2172,1573,1064,1230,37,087,4068.0,6.491972806485589,37087
"Henderson County, North Carolina",118484.0,57269,2626,3341,3167,2081,1117.0,260.0,877.0,1746.0,2840,3233,2905,3816,3327,3867,4085,1707,2195,1630,2196,4273,2586,1821,1573,61215,2737,2528,3568,2095,934.0,504.0,350.0,1727.0,2997,3319,3621,3294,3476,3860,4616,1546,2746,2060,2621,5014,3463,2440,1699,37,089,7515.0,6.34262854056244,37089
"Hertford County, North Carolina",19908.0,9604,516,496,712,305,499.0,79.0,316.0,271.0,576,524,480,653,492,495,656,242,412,263,455,496,408,137,121,10304,434,364,603,407,383.0,183.0,211.0,264.0,484,625,538,592,482,573,816,221,471,281,446,712,629,242,343,37,091,2206.0,11.080972473377537,37091
"Hoke County, North Carolina",53835.0,26528,2205,2252,1872,1168,579.0,329.0,273.0,964.0,2164,2434,2052,1623,1497,1475,1407,554,768,647,558,845,467,259,136,27307,2060,2065,1853,1020,537.0,201.0,349.0,1069.0,2031,2324,1996,2025,1587,1602,1773,549,893,437,591,1129,546,336,334,37,093,4301.0,7.989226339741803,37093
"Hyde County, North Carolina",4592.0,2589,144,90,52,171,6.0,1.0,16.0,39.0,107,130,180,284,302,256,119,94,171,48,122,132,63,49,13,2003,25,72,135,137,4.0,41.0,4.0,25.0,75,117,37,162,223,75,126,82,188,96,129,128,24,98,0,37,095,136.0,2.961672473867596,37095
"Iredell County, North Carolina",196544.0,97299,5331,6465,6229,4347,2249.0,1076.0,1381.0,3352.0,6079,6248,6210,6107,6451,7204,6717,2915,3872,2524,2941,4193,2833,1336,1239,99245,5204,5371,6686,4116,2150.0,1223.0,836.0,3244.0,5742,6075,6213,6656,6606,7264,6851,3003,4132,2392,3272,4613,3266,2379,1951,37,097,15511.0,7.891871540214914,37097
"Jackson County, North Carolina",43771.0,21621,847,937,1305,701,1225.0,837.0,718.0,1212.0,1173,1284,1285,1140,982,1234,953,879,881,494,751,1253,764,476,290,22150,630,1225,819,700,1608.0,852.0,694.0,1192.0,1032,1178,1023,1311,1103,1220,1558,316,870,420,1036,1347,1249,340,427,37,099,8338.0,19.049142126065203,37099
"Johnston County, North Carolina",234263.0,115227,7250,7963,8852,5536,2928.0,1364.0,1520.0,4005.0,6873,7811,7318,8693,8004,8374,7898,2766,3857,2431,2819,4030,2525,1350,1060,119036,7028,7303,9136,5268,2637.0,1278.0,1714.0,3496.0,7001,8254,8891,7690,8064,8606,7261,2823,4653,1861,3748,5408,2977,2052,1887,37,101,18942.0,8.085783926612397,37101
"Jones County, North Carolina",9302.0,4569,250,244,298,104,54.0,44.0,17.0,184.0,303,236,211,271,290,322,290,128,303,56,376,220,199,49,120,4733,231,154,264,179,55.0,37.0,70.0,113.0,262,309,299,198,251,292,435,125,231,205,249,268,192,149,165,37,103,574.0,6.170715975059126,37103
"Lee County, North Carolina",65816.0,32535,2145,2087,2462,1386,785.0,548.0,267.0,1180.0,2048,2200,1866,2210,1958,2066,2351,661,1271,746,1186,1271,904,536,401,33281,1869,1962,2343,1333,665.0,603.0,382.0,1033.0,1935,2232,1950,2166,1976,2192,2079,838,1484,862,1081,1652,1147,703,794,37,105,5463.0,8.300413273368177,37105
"Lenoir County, North Carolina",54919.0,26325,1813,2051,1422,1205,593.0,429.0,90.0,1103.0,1577,1467,1507,1462,1346,1584,1619,1052,973,840,1011,1272,923,393,593,28594,1380,1783,1634,1105,540.0,231.0,208.0,1145.0,1531,1664,2045,1154,1567,1758,2027,841,1232,774,1166,1809,1358,691,951,37,107,4339.0,7.900726524517926,37107
"Lincoln County, North Carolina",92716.0,46293,2484,2653,2927,1880,924.0,413.0,387.0,1765.0,2502,2507,2796,3045,3273,3419,3077,1693,2136,1474,1444,2358,1391,1099,646,46423,2173,2752,2550,1712,848.0,569.0,584.0,1257.0,2257,3026,2516,2907,2979,3493,3272,1630,2248,1170,1752,2796,1611,1182,1139,37,109,6747.0,7.277061132922041,37109
"McDowell County, North Carolina",44817.0,22468,1052,1240,1495,821,385.0,318.0,147.0,779.0,1503,1343,1320,1527,1436,1594,1421,741,1089,415,886,1372,616,617,351,22349,968,1153,1135,828,498.0,220.0,158.0,707.0,1200,1367,1369,1310,1398,1451,1578,687,1178,615,1111,1235,916,606,661,37,111,3212.0,7.16692326572506,37111
"Macon County, North Carolina",37941.0,18508,877,950,1027,593,316.0,145.0,207.0,555.0,972,882,892,1205,950,1092,1327,497,881,630,851,1518,957,843,341,19433,764,797,1003,712,131.0,71.0,327.0,734.0,976,1006,918,1161,901,1016,1248,824,905,587,1242,1464,1171,897,578,37,113,2486.0,6.5522785377296335,37113
"Madison County, North Carolina",21867.0,10895,459,390,619,451,347.0,318.0,234.0,299.0,832,585,486,736,628,668,762,433,323,249,510,683,501,238,144,10972,461,664,351,378,372.0,256.0,75.0,247.0,594,659,661,596,643,689,643,341,588,217,745,639,554,321,278,37,115,2148.0,9.82302099053368,37115
"Martin County, North Carolina",21644.0,10079,521,583,667,424,231.0,35.0,100.0,328.0,542,619,509,474,522,600,653,257,582,361,631,561,549,205,125,11565,538,622,697,347,179.0,113.0,193.0,254.0,569,514,898,586,590,733,1092,266,274,543,491,722,746,321,277,37,117,1433.0,6.620772500462022,37117
"Mecklenburg County, North Carolina",1154681.0,558140,37692,36919,37103,22539,14440.0,6683.0,6390.0,23916.0,47773,49316,44099,39485,36084,35978,32170,12617,16011,9107,11306,17450,10492,5653,4917,596541,36201,35582,35524,22173,14998.0,6571.0,6684.0,26292.0,50082,51555,45275,41918,39452,38614,34404,13475,18761,11241,14825,20959,14595,7950,9410,37,119,105974.0,9.17777290870812,37119
"Mitchell County, North Carolina",14992.0,7331,344,254,462,251,134.0,39.0,52.0,378.0,406,473,313,468,409,501,529,159,407,296,224,527,311,205,189,7661,307,437,334,248,215.0,72.0,41.0,206.0,334,473,357,407,394,528,565,153,451,304,390,474,348,338,285,37,121,1137.0,7.584044823906083,37121
"Montgomery County, North Carolina",26007.0,12721,665,732,817,441,277.0,207.0,94.0,335.0,929,718,550,1013,562,747,1016,400,529,611,442,576,559,305,196,13286,643,733,809,468,216.0,174.0,129.0,328.0,940,821,723,654,804,910,985,339,512,491,458,840,694,388,227,37,123,1760.0,6.767408774560694,37123
"Moore County, North Carolina",104876.0,51351,3102,3073,3634,2167,977.0,564.0,436.0,1334.0,2643,3215,3920,3076,2679,2799,3166,1224,1988,1238,1754,3201,2474,1539,1148,53525,2941,3579,2602,1705,823.0,453.0,209.0,1511.0,2854,3206,3510,3342,2957,2952,3254,1164,2586,1794,2470,3133,3209,1736,1535,37,125,6307.0,6.013768641061826,37125
"Nash County, North Carolina",96216.0,46432,2712,2830,3168,2089,1102.0,551.0,558.0,1726.0,2844,2953,3545,1916,2885,3021,3284,1617,1516,964,1274,3007,1471,779,620,49784,2802,2928,2863,1818,961.0,409.0,599.0,1776.0,2967,3043,2183,3505,3144,3209,3906,1395,1768,1340,2008,2860,1638,1051,1611,37,127,7682.0,7.984119065436102,37127
"New Hanover County, North Carolina",235229.0,111940,5490,5296,6744,3881,3067.0,1522.0,2334.0,6454.0,7713,7391,8168,6158,6985,7064,6985,2926,4205,2845,3801,5286,3863,2138,1624,123289,5344,5541,6101,3725,4329.0,2485.0,2893.0,5769.0,8118,7590,7814,7411,7140,7635,7630,3813,4698,3405,4495,6922,4877,2681,2873,37,129,28853.0,12.265919593247432,37129
"Northampton County, North Carolina",16931.0,8201,396,544,350,331,160.0,41.0,59.0,309.0,412,442,416,294,411,516,697,258,353,361,418,597,384,274,178,8730,404,342,408,223,96.0,63.0,73.0,286.0,368,430,452,324,428,525,726,342,439,429,359,694,502,487,330,37,131,1087.0,6.420176008505109,37131
"Onslow County, North Carolina",207906.0,114477,8542,7256,6871,3629,7126.0,6193.0,5068.0,12771.0,10472,8549,7028,5420,4213,3824,3930,1287,2748,1703,2316,2128,1539,1049,815,93429,8153,6826,6780,3457,1948.0,1292.0,2270.0,5404.0,8233,7821,6468,5691,4209,4178,4201,2272,2587,2150,2308,2565,2414,1251,951,37,133,42072.0,20.236068223139302,37133
"Orange County, North Carolina",149678.0,71533,3058,3766,4536,3018,4420.0,2313.0,2027.0,3344.0,4552,4012,4053,4205,4369,4622,4569,1643,2200,2012,2079,2843,2250,1042,600,78145,3043,3846,4165,2803,5606.0,3083.0,2507.0,3710.0,4817,4165,4549,4266,4550,4690,4328,1854,2892,1950,2443,3521,2197,1808,1352,37,135,27010.0,18.045404134208102,37135
"Pamlico County, North Carolina",12390.0,6366,239,334,209,146,264.0,44.0,3.0,177.0,218,323,387,351,328,495,495,192,433,192,317,491,323,213,192,6024,212,314,145,156,79.0,9.0,9.0,47.0,412,257,277,304,266,368,546,249,316,200,512,475,406,241,224,37,137,632.0,5.1008878127522195,37137
"Pasquotank County, North Carolina",40834.0,19671,1273,1494,1007,707,830.0,238.0,314.0,615.0,1273,1431,1023,1540,1006,1094,1352,706,512,479,765,757,526,437,292,21163,1265,1150,1177,664,702.0,379.0,181.0,752.0,1379,1456,1255,1457,1067,1069,1226,624,1004,672,687,1097,934,553,413,37,139,4011.0,9.822696772297595,37139
"Pender County, North Carolina",65550.0,33252,2043,1825,2564,1482,820.0,384.0,193.0,969.0,1704,1991,2679,1932,2227,2218,1911,1272,1464,572,1161,1836,1077,524,404,32298,1515,1953,2177,1151,724.0,204.0,236.0,946.0,1618,1966,2270,2245,2125,2185,2285,1025,1315,596,1292,2048,984,646,792,37,141,4476.0,6.82837528604119,37141
"Perquimans County, North Carolina",13244.0,6340,282,339,425,137,101.0,152.0,43.0,131.0,223,312,393,261,347,362,353,105,552,296,284,431,358,240,213,6904,302,454,171,331,233.0,17.0,78.0,99.0,269,377,282,369,359,465,355,305,426,232,495,392,473,214,206,37,143,854.0,6.4482029598308666,37143
"Person County, North Carolina",39542.0,18999,990,871,1445,717,580.0,476.0,334.0,358.0,838,1261,835,1272,1107,1402,1491,451,930,426,818,1021,950,199,227,20543,1078,865,1379,814,555.0,401.0,196.0,394.0,1016,1217,1138,976,1297,1406,1531,605,898,800,820,1070,728,568,791,37,145,3294.0,8.330382884022052,37145
"Pitt County, North Carolina",177193.0,83197,4902,5157,5639,3385,4350.0,2301.0,2207.0,6035.0,5708,5470,5263,4217,4481,4494,4172,1569,2690,1768,1795,3527,2122,1104,841,93996,4866,4923,5040,3332,5581.0,3025.0,3088.0,5879.0,6505,6009,5204,5491,5196,5077,4982,2105,3148,2121,2392,4177,2693,1535,1627,37,147,32466.0,18.322394225505523,37147
"Polk County, North Carolina",19891.0,9530,381,378,504,317,138.0,249.0,32.0,123.0,441,384,590,411,589,604,630,376,513,389,338,819,567,439,318,10361,306,370,508,283,114.0,68.0,120.0,173.0,462,382,495,461,456,664,834,505,543,484,523,839,706,482,583,37,149,1017.0,5.112865114876074,37149
"Randolph County, North Carolina",146348.0,72641,4105,4864,4488,3122,1715.0,747.0,713.0,3086.0,4495,4555,4350,4091,4450,5244,5203,2111,3110,2086,2271,3240,2460,1270,865,73707,3948,4879,4144,2988,1532.0,1270.0,772.0,2057.0,4253,4619,4271,4177,4719,5157,4872,2106,3247,1808,2496,3880,2821,1955,1736,37,151,11892.0,8.12583704594528,37151
"Richmond County, North Carolina",42344.0,20378,1279,1155,1482,853,472.0,246.0,232.0,1002.0,1225,1219,961,1558,1168,1386,1227,507,1021,464,926,754,606,368,267,21966,1449,936,1781,1008,289.0,213.0,311.0,755.0,1450,1379,1109,1422,1291,1346,1333,635,974,660,865,1005,806,411,538,37,153,3520.0,8.31286604949934,37153
"Robeson County, North Carolina",116902.0,56141,4166,4162,4307,2666,1913.0,910.0,1027.0,2056.0,3639,3504,2901,3332,3318,3478,2957,1548,2210,1140,1583,2451,1794,662,417,60761,4088,3780,4414,2605,2005.0,846.0,772.0,2274.0,3704,3799,3271,3739,3620,3695,3477,1645,2321,1556,1873,2921,2164,1297,895,37,155,11803.0,10.096491077996955,37155
"Rockingham County, North Carolina",92131.0,44938,2368,2648,2804,1809,991.0,551.0,500.0,1460.0,2610,2400,2305,3015,2766,3108,3435,1348,2071,949,2079,2399,1744,917,661,47193,2243,2482,2724,1633,915.0,423.0,308.0,1552.0,2697,2806,2820,2322,2956,3209,3833,1499,2044,1450,2000,2619,2008,1355,1295,37,157,6700.0,7.272253638840347,37157
"Rowan County, North Carolina",149875.0,74244,4304,4526,4987,3195,1832.0,1251.0,527.0,3255.0,4770,4800,4624,4334,4567,5019,5326,1875,3029,1697,2426,3582,2282,1229,807,75631,4140,4372,4701,3003,1633.0,846.0,808.0,2916.0,4699,4846,4245,4721,4427,5103,5333,2199,3069,1828,2391,4222,2608,1718,1803,37,159,13068.0,8.719266055045871,37159
"Rutherford County, North Carolina",64930.0,31451,1462,1503,2267,1254,737.0,278.0,386.0,1044.0,1792,1801,1862,1563,1946,2332,2305,944,1493,648,1453,2005,1217,846,313,33479,1754,2333,1262,1226,558.0,364.0,244.0,1007.0,1925,1975,1709,1935,1892,2439,2188,1146,1546,835,1536,2047,1739,1067,752,37,161,4618.0,7.112274757431079,37161
"Sampson County, North Carolina",59470.0,29665,1967,2133,2068,1316,659.0,138.0,554.0,1223.0,1796,1530,2044,1729,1888,1992,2086,537,1260,481,972,1444,937,642,269,29805,1888,2070,1892,1250,741.0,309.0,319.0,1133.0,1713,1686,1523,1804,1756,1937,1626,839,1271,938,1029,1560,962,827,732,37,163,5076.0,8.535395997982176,37163
"Scotland County, North Carolina",33590.0,16840,1038,1215,940,709,551.0,214.0,199.0,725.0,1213,1139,1063,974,1059,1026,1104,345,656,427,511,730,544,275,183,16750,1160,1066,986,690,432.0,218.0,213.0,573.0,1039,978,777,956,928,1103,1050,477,596,452,606,951,633,456,410,37,165,3125.0,9.303364096457278,37165
"Stanly County, North Carolina",64651.0,32343,1933,2327,1730,1171,738.0,391.0,603.0,1058.0,2058,2348,1888,1808,2007,2210,2171,1017,1211,817,1068,1555,915,734,585,32308,1663,1876,1947,1355,745.0,388.0,302.0,1086.0,1874,2114,2277,1563,1866,2112,2026,1028,1382,726,1159,1876,1037,1012,894,37,167,5311.0,8.214876800049495,37167
"Stokes County, North Carolina",45139.0,22137,958,1188,1189,881,407.0,151.0,399.0,708.0,1210,1136,1108,1373,1436,1654,1615,683,1296,704,888,1216,1065,396,476,23002,1044,1160,1121,857,325.0,117.0,266.0,827.0,1122,1217,1281,1002,1480,1937,1720,1027,803,853,876,1452,1090,738,687,37,169,3200.0,7.089213318859524,37169
"Surry County, North Carolina",71425.0,34699,1619,2087,2197,1417,785.0,378.0,311.0,1326.0,2191,1978,1885,2007,2123,2594,2596,1253,1391,737,1368,1898,1175,704,679,36726,2124,2444,1756,1398,684.0,371.0,439.0,1292.0,1993,2016,2060,1923,2152,2505,2511,1016,1856,1166,1232,2028,1524,982,1254,37,171,5586.0,7.8207910395519775,37171
"Swain County, North Carolina",14013.0,6699,263,414,523,284,171.0,87.0,73.0,333.0,369,362,352,478,395,398,440,245,311,287,143,246,209,213,103,7314,345,237,518,332,189.0,39.0,57.0,232.0,426,433,509,437,430,493,462,295,292,242,308,370,230,242,196,37,173,1181.0,8.427888389352745,37173
"Transylvania County, North Carolina",33691.0,16342,539,724,813,599,444.0,199.0,161.0,589.0,759,879,703,912,841,999,947,384,973,784,685,1184,1070,642,512,17349,793,778,580,447,341.0,108.0,161.0,498.0,742,959,831,949,883,925,1183,546,1076,530,883,1516,1054,813,753,37,175,2501.0,7.423347481523256,37175
"Tyrrell County, North Carolina",3423.0,1779,70,111,63,8,32.0,3.0,0.0,74.0,178,95,78,182,95,128,138,3,45,95,58,126,60,30,107,1644,77,55,140,29,0.0,0.0,21.0,0.0,53,82,64,128,129,122,56,40,69,6,84,154,163,99,73,37,177,130.0,3.797838153666375,37177
"Union County, North Carolina",250958.0,124626,7044,8213,10895,6800,4144.0,1493.0,1743.0,4944.0,6070,6253,7189,8913,9458,10123,8389,3197,4486,2234,2868,4508,2994,1601,1067,126332,6541,8741,9456,6542,3827.0,1440.0,1343.0,4864.0,6066,6643,7868,9560,9574,9752,7913,3098,4404,2336,3350,5280,3555,2202,1977,37,179,23798.0,9.482861674064983,37179
"Vance County, North Carolina",42322.0,20096,1633,1124,1765,863,413.0,279.0,443.0,662.0,1196,1320,1026,1007,1111,1203,1286,580,711,371,823,994,716,321,249,22226,1105,1256,1587,827,433.0,278.0,178.0,944.0,1313,1350,1194,1368,1282,1380,1703,615,724,497,1082,1134,892,575,509,37,181,3630.0,8.577099380936628,37181
"Wake County, North Carolina",1178653.0,577283,34552,38251,40356,25190,16004.0,6746.0,6782.0,22843.0,40709,43851,44471,42814,41276,40472,33403,14054,18817,10847,13567,17838,12282,6787,5371,601370,33084,36293,39001,24452,15310.0,7653.0,6461.0,22997.0,42385,45489,43340,47193,42195,40586,36560,13495,19648,11761,16183,22938,14853,9600,9893,37,183,104796.0,8.891166441692338,37183
"Warren County, North Carolina",18795.0,9462,350,399,645,308,242.0,134.0,78.0,270.0,508,474,568,546,506,599,692,289,539,241,532,627,422,326,167,9333,399,514,351,355,89.0,76.0,73.0,278.0,485,466,428,469,452,509,707,313,472,324,674,613,457,343,486,37,185,1240.0,6.597499334929502,37185
"Washington County, North Carolina",10812.0,5532,244,371,361,522,152.0,118.0,15.0,233.0,157,252,258,282,236,211,404,154,198,192,382,415,154,116,105,5280,42,212,146,166,144.0,69.0,6.0,114.0,167,387,223,313,267,470,385,127,376,105,321,516,280,139,305,37,187,851.0,7.870884202737699,37187
"Watauga County, North Carolina",55123.0,27491,795,968,993,615,2759.0,2031.0,1010.0,2695.0,1433,1385,1353,1390,1291,1326,1366,410,1129,573,991,1215,1001,495,267,27632,792,1097,767,649,3899.0,1523.0,1414.0,2007.0,1332,1155,1075,1358,1168,1363,1241,842,1057,691,940,1329,978,455,500,37,189,17338.0,31.4532953576547,37189
"Wayne County, North Carolina",118652.0,59094,3858,4150,3849,2406,1586.0,959.0,803.0,2977.0,4340,4238,3757,3292,3187,3480,3566,1408,2376,1337,1701,2600,1322,1144,758,59558,3723,3742,3920,2366,1413.0,593.0,831.0,2354.0,3863,3839,3533,3306,3432,3683,3510,1602,2448,1399,2347,2899,2112,1579,1064,37,191,11516.0,9.7056939621751,37191
"Wilkes County, North Carolina",65935.0,32666,1693,1656,1995,1320,678.0,278.0,534.0,1086.0,2040,1758,1503,2017,2037,2411,2467,1022,1368,743,1595,1746,1432,560,727,33269,1583,1831,1831,1250,575.0,512.0,367.0,962.0,1747,1808,1656,1782,2165,2124,2421,1026,1322,977,1569,1985,1385,932,1459,37,193,4992.0,7.57109274285281,37193
"Wilson County, North Carolina",79290.0,37790,2316,2654,2522,1726,993.0,587.0,498.0,1265.0,2437,2285,1825,2559,2150,2412,2662,817,1419,1201,1434,1662,1234,799,333,41500,2316,2014,2886,1626,936.0,274.0,403.0,1997.0,2468,2547,2397,2563,2391,2484,2903,1043,1619,1089,1595,2326,1465,1116,1042,37,195,6953.0,8.769075545466011,37195
"Yadkin County, North Carolina",37574.0,18948,1117,1235,1135,773,384.0,303.0,78.0,807.0,1115,1230,906,1057,1007,1391,1537,463,875,423,647,1016,871,322,256,18626,788,913,1178,622,279.0,255.0,183.0,677.0,1013,1053,1035,945,1138,1362,1441,568,834,508,825,1060,875,499,575,37,197,2966.0,7.893756320860169,37197
"Yancey County, North Carolina",18797.0,9268,499,435,510,317,168.0,72.0,87.0,271.0,491,553,530,431,533,714,605,321,391,166,471,755,397,357,194,9529,434,394,508,282,18.0,136.0,66.0,299.0,508,505,543,439,565,668,711,234,474,216,470,869,593,271,326,37,199,1117.0,5.942437623024951,37199
