precinct_id,registered_total,registered_youth
ALAMANCE_001,3468,346
ALAMANCE_002,3636,377
ALAMANCE_004,3828,377
ALAMANCE_005,2531,233
ALAMANCE_007,3046,292
ALAMANCE_011,3324,340
ALAMANCE_013,3369,384
ALAMANCE_035,4089,1092
ALAMANCE_03C,2214,210
ALAMANCE_03N,2978,918
ALAMANCE_03N2,721,11
ALAMANCE_03SE,3423,308
ALAMANCE_03SM,3562,352
ALAMANCE_03W,2832,271
ALAMANCE_063,2177,371
ALAMANCE_064,4623,451
ALAMANCE_06E,2025,191
ALAMANCE_06N,2015,260
ALAMANCE_06S,3373,312
ALAMANCE_06W,942,94
ALAMANCE_08N,2792,288
ALAMANCE_08S,1445,143
ALAMANCE_09N,2401,199
ALAMANCE_09S,4592,443
ALAMANCE_103,4484,457
ALAMANCE_104,1954,186
ALAMANCE_10N,3322,300
ALAMANCE_10S1,5441,614
ALAMANCE_1210,1537,158
ALAMANCE_124,1570,150
ALAMANCE_125,1757,115
ALAMANCE_126,1676,120
ALAMANCE_127,3666,517
ALAMANCE_128,1563,206
ALAMANCE_129,1629,135
ALAMANCE_12E,1302,190
ALAMANCE_12N,2765,350
ALAMANCE_12S,987,183
ALAMANCE_12W,1709,139
ALEXANDER_B1,2779,226
ALEXANDER_B2,3320,297
ALEXANDER_E,2230,190
ALEXANDER_G1G2,1482,150
ALEXANDER_LRSL,1731,161
ALEXANDER_M,1628,195
ALEXANDER_S1S2,2498,266
ALEXANDER_T1T4T5,3571,339
ALEXANDER_T2T3,2507,233
ALEXANDER_W,1707,149
ALLEGHANY_001,1241,74
ALLEGHANY_004,1295,106
ALLEGHANY_03A,3311,247
ALLEGHANY_06A,1542,103
ANSON_ANS,914,86
ANSON_BURN,1267,113
ANSON_GULL,893,88
ANSON_LILE,1939,159
ANSON_MM,974,93
ANSON_PEAC,1173,111
ANSON_POLK,773,88
ANSON_WADES,5053,479
ANSON_WS,303,33
ASHE_002,1135,103
ASHE_003,443,33
ASHE_004,468,28
ASHE_006,435,34
ASHE_007,328,25
ASHE_008,190,13
ASHE_009,3176,265
ASHE_010,212,21
ASHE_011,1857,165
ASHE_012,558,33
ASHE_013,1105,80
ASHE_014,2141,139
ASHE_015,847,53
ASHE_016,2041,149
ASHE_017,699,58
ASHE_018,135,7
ASHE_020,2729,214
AVERY_001,841,74
AVERY_002,2004,165
AVERY_003,401,28
AVERY_004,93,9
AVERY_005,287,27
AVERY_006,653,55
AVERY_007,204,24
AVERY_008,289,22
AVERY_009,290,24
AVERY_010,691,60
AVERY_011,457,27
AVERY_012,214,11
AVERY_013,472,42
AVERY_014,782,70
AVERY_015,660,57
AVERY_016,1336,65
AVERY_017,485,60
AVERY_018,308,29
AVERY_019,231,18
BEAUFORT_AUROR,910,68
BEAUFORT_BEADM,1638,150
BEAUFORT_BELHV,1293,103
BEAUFORT_BLCK,825,45
BEAUFORT_CHOCO,3444,362
BEAUFORT_EDWAR,857,61
BEAUFORT_GILEA,2059,93
BEAUFORT_HB,710,68
BEAUFORT_NCRK,1348,89
BEAUFORT_OLDF,1456,126
BEAUFORT_PANTE,939,100
BEAUFORT_PINET,781,79
BEAUFORT_PSJW3,1199,113
BEAUFORT_RVRD,1843,180
BEAUFORT_SURBA,1837,132
BEAUFORT_TCRK,2169,222
BEAUFORT_WASH1,1334,101
BEAUFORT_WASH2,1204,92
BEAUFORT_WASH4,1916,172
BEAUFORT_WASHP,1087,103
BEAUFORT_WDPD,1453,135
BERTIE_C1,735,47
BERTIE_C2,1066,63
BERTIE_IW,286,31
BERTIE_M1,614,43
BERTIE_M2,648,56
BERTIE_MH,707,53
BERTIE_RX,918,82
BERTIE_SN,699,63
BERTIE_W1,3169,289
BERTIE_W2,610,58
BERTIE_WD,663,57
BERTIE_WH,926,58
BLADEN_P10,568,67
BLADEN_P15,2454,278
BLADEN_P201,1290,99
BLADEN_P202,2093,235
BLADEN_P25,893,91
BLADEN_P30,1088,81
BLADEN_P35,568,72
BLADEN_P40,1500,109
BLADEN_P45,457,53
BLADEN_P501,2509,258
BLADEN_P502,1668,156
BLADEN_P55,536,41
BLADEN_P60,1375,118
BLADEN_P65,554,38
BLADEN_P70,443,42
BLADEN_P75,1014,81
BLADEN_P80,1063,114
BRUNSWICK_CB01,2254,225
BRUNSWICK_CB02,6541,576
BRUNSWICK_CB03,2706,180
BRUNSWICK_CB04,4065,234
BRUNSWICK_CB05,3590,208
BRUNSWICK_CB06,7247,389
BRUNSWICK_NB01,2100,193
BRUNSWICK_NB02,8681,489
BRUNSWICK_NB03,5678,493
BRUNSWICK_NB04,6518,366
BRUNSWICK_NB05,3341,315
BRUNSWICK_NB06,6755,174
BRUNSWICK_NB07,8797,771
BRUNSWICK_SB01,2714,197
BRUNSWICK_SB02,5194,455
BRUNSWICK_SB03,8819,173
BRUNSWICK_SB04,3531,197
BRUNSWICK_SB05,3280,206
BRUNSWICK_SB06,3333,152
BRUNSWICK_SB07,3143,154
BRUNSWICK_SB08,2032,98
BRUNSWICK_WB01,1847,218
BRUNSWICK_WB02,7434,184
BRUNSWICK_WB03,1450,137
BRUNSWICK_WB04,7462,275
BRUNSWICK_WB05,4939,136
BRUNSWICK_WB06,7454,329
BUNCOMBE_01.1,1858,80
BUNCOMBE_02.1,2798,293
BUNCOMBE_03.1,1946,145
BUNCOMBE_04.1,1310,99
BUNCOMBE_05.1,2504,261
BUNCOMBE_06.1,1299,74
BUNCOMBE_07.1,1731,121
BUNCOMBE_08.2,2277,201
BUNCOMBE_08.3,2342,154
BUNCOMBE_09.1,3430,259
BUNCOMBE_10.1,1442,143
BUNCOMBE_11.1,2292,81
BUNCOMBE_12.1,2256,115
BUNCOMBE_13.1,2131,152
BUNCOMBE_14.2,2190,150
BUNCOMBE_14.3,1019,117
BUNCOMBE_15.1,2017,127
BUNCOMBE_16.2,2792,196
BUNCOMBE_17.1,1401,89
BUNCOMBE_18.2,4669,386
BUNCOMBE_19.1,1376,105
BUNCOMBE_20.1,969,48
BUNCOMBE_21.1,2426,147
BUNCOMBE_22.2,2198,132
BUNCOMBE_23.2,652,26
BUNCOMBE_23.3,811,60
BUNCOMBE_24.1,2279,164
BUNCOMBE_25.1,2118,125
BUNCOMBE_26.1,1782,167
BUNCOMBE_27.2,758,42
BUNCOMBE_28.1,1867,467
BUNCOMBE_29.2,2904,161
BUNCOMBE_30.2,3040,266
BUNCOMBE_30.3,3336,280
BUNCOMBE_31.1,1225,121
BUNCOMBE_32.1,2031,160
BUNCOMBE_33.2,1326,102
BUNCOMBE_33.3,1801,134
BUNCOMBE_34.1,1063,70
BUNCOMBE_35.1,1702,80
BUNCOMBE_36.1,1822,145
BUNCOMBE_37.1,1404,110
BUNCOMBE_38.2,1850,165
BUNCOMBE_38.3,3154,278
BUNCOMBE_39.2,1564,111
BUNCOMBE_39.3,2629,194
BUNCOMBE_40.2,3632,352
BUNCOMBE_41.1,3096,289
BUNCOMBE_42.1,1945,209
BUNCOMBE_43.2,1533,151
BUNCOMBE_44.1,5694,371
BUNCOMBE_45.1,4249,379
BUNCOMBE_46.1,1344,121
BUNCOMBE_47.1,3886,344
BUNCOMBE_48.1,3607,296
BUNCOMBE_49.1,3883,327
BUNCOMBE_50.1,1352,88
BUNCOMBE_51.2,1908,181
BUNCOMBE_52.1,3860,286
BUNCOMBE_53.1,2942,218
BUNCOMBE_54.2,4008,446
BUNCOMBE_55.1,2911,220
BUNCOMBE_56.2,1859,110
BUNCOMBE_57.1,2810,267
BUNCOMBE_58.1,2498,188
BUNCOMBE_59.1,3799,232
BUNCOMBE_60.2,1140,109
BUNCOMBE_60.4,1648,106
BUNCOMBE_61.1,2292,162
BUNCOMBE_62.1,2293,144
BUNCOMBE_63.1,572,55
BUNCOMBE_64.1,1794,117
BUNCOMBE_65.1,2766,304
BUNCOMBE_66.1,1578,219
BUNCOMBE_67.1,2357,114
BUNCOMBE_68.1,4099,419
BUNCOMBE_681,363,29
BUNCOMBE_69.1,2980,235
BUNCOMBE_70.1,2862,223
BUNCOMBE_71.1,3858,238
BURKE_0001,2788,255
BURKE_0003,1083,89
BURKE_0011,2666,260
BURKE_0012,1673,135
BURKE_0013,2521,224
BURKE_0014,1785,170
BURKE_0015,1301,108
BURKE_0018,510,29
BURKE_0019,599,32
BURKE_0020,900,44
BURKE_0021,1314,98
BURKE_0022,1759,164
BURKE_0024,2200,196
BURKE_0031,1683,139
BURKE_0034,1653,146
BURKE_0035,1248,128
BURKE_0036,1674,140
BURKE_0038,1926,190
BURKE_0039,1658,146
BURKE_0040,1589,150
BURKE_0047-A,1755,141
BURKE_0047-B,1244,146
BURKE_0048,1847,166
BURKE_0051,3054,251
BURKE_0052,1218,129
BURKE_0062,786,66
BURKE_0064,740,48
BURKE_0066,1855,149
BURKE_0070,2310,238
BURKE_0071,2073,204
BURKE_0072,3025,257
CABARRUS_01-02,3052,380
CABARRUS_01-04,5986,838
CABARRUS_01-07,2769,340
CABARRUS_01-08,5203,678
CABARRUS_01-10,3021,347
CABARRUS_01-11,4570,548
CABARRUS_02-01,3446,273
CABARRUS_02-02,4227,548
CABARRUS_02-03,6206,751
CABARRUS_02-05,4180,475
CABARRUS_02-06,3275,396
CABARRUS_02-07,3230,303
CABARRUS_02-08,7487,1163
CABARRUS_02-09,7544,1210
CABARRUS_03-00,5720,711
CABARRUS_04-01,2911,302
CABARRUS_04-03,2626,254
CABARRUS_04-08,2090,215
CABARRUS_04-09,4302,448
CABARRUS_04-11,3148,311
CABARRUS_04-12,4205,534
CABARRUS_04-13,4928,537
CABARRUS_05-00,2647,239
CABARRUS_06-00,2078,224
CABARRUS_07-00,1260,138
CABARRUS_08-00,3959,384
CABARRUS_09-00,2749,245
CABARRUS_10-00,5916,656
CABARRUS_11-01,5216,790
CABARRUS_11-02,3337,338
CABARRUS_12-03,1882,191
CABARRUS_12-04,2417,207
CABARRUS_12-05,1987,184
CABARRUS_12-08,1328,202
CABARRUS_12-09,2670,259
CABARRUS_12-11,1509,152
CABARRUS_12-12,1926,218
CABARRUS_12-13,3442,462
CABARRUS_12-14,2680,225
CALDWELL_001,4243,412
CALDWELL_002,2022,111
CALDWELL_003,1148,100
CALDWELL_004,2742,236
CALDWELL_005,2720,260
CALDWELL_006,4858,470
CALDWELL_007,4090,380
CALDWELL_008,3661,301
CALDWELL_009,2669,242
CALDWELL_010,2957,281
CALDWELL_011,3171,267
CALDWELL_012,2301,185
CALDWELL_013,5183,460
CALDWELL_014,4527,397
CALDWELL_015,2428,236
CAMDEN_CH,2838,305
CAMDEN_SH,1950,194
CAMDEN_SM,2788,281
CARTERET_ABCH,1269,49
CARTERET_ASCI,724,54
CARTERET_BCRK,1976,185
CARTERET_BFT1,1284,62
CARTERET_BFT2,3577,211
CARTERET_BOGE,3133,315
CARTERET_CAPE,3623,325
CARTERET_DASW,585,48
CARTERET_HAIS,962,55
CARTERET_IBPK,1720,84
CARTERET_ISLE,3838,228
CARTERET_MASM,611,48
CARTERET_MCRK,458,33
CARTERET_MERR,495,17
CARTERET_MHD1,2287,206
CARTERET_MHD2,2586,206
CARTERET_MHD3,3024,223
CARTERET_MHD4,2748,201
CARTERET_NPT1,3030,272
CARTERET_NPT2,2878,279
CARTERET_NRIV,621,51
CARTERET_OTBEG,1839,130
CARTERET_PELE,1607,137
CARTERET_STEL,1896,189
CARTERET_WIHA,1846,164
CARTERET_WILD,3089,264
CASWELL_ANDE,830,66
CASWELL_LEAS,558,37
CASWELL_LOCU,1808,148
CASWELL_MILT,1689,112
CASWELL_PELH,2590,222
CASWELL_PH,1657,131
CASWELL_PROVI,711,46
CASWELL_STON,2090,168
CASWELL_YANC,1821,141
CATAWBA_001,3308,314
CATAWBA_002,2206,201
CATAWBA_003,2240,243
CATAWBA_004,810,95
CATAWBA_005,3254,328
CATAWBA_006,2264,187
CATAWBA_007,2724,311
CATAWBA_008,2439,221
CATAWBA_009,2376,226
CATAWBA_010,515,57
CATAWBA_011,936,148
CATAWBA_012,1321,142
CATAWBA_013,1256,162
CATAWBA_014,1392,109
CATAWBA_015,549,58
CATAWBA_016,2297,207
CATAWBA_017,1422,153
CATAWBA_019,1052,115
CATAWBA_020,3305,349
CATAWBA_021,2128,181
CATAWBA_022,3261,303
CATAWBA_023,3909,414
CATAWBA_024,3671,410
CATAWBA_025,1873,227
CATAWBA_026,1633,131
CATAWBA_027,3649,347
CATAWBA_028,2875,355
CATAWBA_029,4244,493
CATAWBA_030,3456,392
CATAWBA_031,5759,468
CATAWBA_032,2819,313
CATAWBA_033,4443,496
CATAWBA_034,4160,431
CATAWBA_035,3192,404
CATAWBA_036,2256,234
CATAWBA_037,2280,221
CATAWBA_038,3033,275
CATAWBA_039,2284,234
CATAWBA_040,1454,146
CATAWBA_041,4502,377
CHATHAM_003,1652,159
CHATHAM_009,1312,117
CHATHAM_015,2274,202
CHATHAM_021,1552,104
CHATHAM_030,1748,166
CHATHAM_042,2442,206
CHATHAM_075,4695,241
CHATHAM_078,5724,379
CHATHAM_085,2309,315
CHATHAM_CRD118,1473,154
CHATHAM_ECL109,5716,397
CHATHAM_EPP112,3964,308
CHATHAM_ESC114,3364,528
CHATHAM_GLD118,2812,223
CHATHAM_MON113,2028,200
CHATHAM_NWM117,5943,420
CHATHAM_WCL108,3601,315
CHATHAM_WPP114,5293,425
CHEROKEE_ANNW,1426,130
CHEROKEE_ANSW,1376,142
CHEROKEE_BELL,1282,69
CHEROKEE_BRAS,912,49
CHEROKEE_CSON,939,50
CHEROKEE_GCRK,447,33
CHEROKEE_HANG,730,44
CHEROKEE_HIWA,2178,139
CHEROKEE_HOTH,1497,81
CHEROKEE_MARB,1293,99
CHEROKEE_MURN,1896,141
CHEROKEE_MURS,2279,156
CHEROKEE_PCHT,2121,150
CHEROKEE_RGER,1837,98
CHEROKEE_TOPT,321,29
CHEROKEE_UNKA,595,47
CHOWAN_001,1712,138
CHOWAN_002,2872,233
CHOWAN_003,1505,122
CHOWAN_004,776,62
CHOWAN_005,842,75
CHOWAN_006,1395,97
CLAY_BRAS,832,69
CLAY_HAY1,1166,73
CLAY_HAY2,1536,111
CLAY_HAYC,414,30
CLAY_HIAW,1513,93
CLAY_SHCR,1280,81
CLAY_SWEE,754,47
CLAY_TUSQ,688,46
CLAY_WARN,771,51
CLEVELAND_BETHWR,1657,173
CLEVELAND_BR,4329,467
CLEVELAND_CASAR,1361,124
CLEVELAND_FALSTN,1506,127
CLEVELAND_GROVER,2933,270
CLEVELAND_KINGST,739,56
CLEVELAND_KM N,4467,413
CLEVELAND_KM S,4128,417
CLEVELAND_LATT,2502,268
CLEVELAND_LAWNDL,1541,133
CLEVELAND_MRB-YO,1479,130
CLEVELAND_MULLS,1857,168
CLEVELAND_OAKGRV,3334,296
CLEVELAND_POLKVL,2284,198
CLEVELAND_RIPPY,3339,363
CLEVELAND_S C,5744,497
CLEVELAND_S E,2330,193
CLEVELAND_S N,3977,329
CLEVELAND_S S,5420,510
CLEVELAND_SHANGI,2380,218
CLEVELAND_WACO,2971,266
COLUMBUS_P02B,894,93
COLUMBUS_P06,775,54
COLUMBUS_P07,2698,285
COLUMBUS_P117,2350,226
COLUMBUS_P121,1672,174
COLUMBUS_P14,3031,268
COLUMBUS_P15,2002,191
COLUMBUS_P16B,1573,135
COLUMBUS_P19,2177,208
COLUMBUS_P223,2580,288
COLUMBUS_P22A,1781,170
COLUMBUS_P245,3008,337
COLUMBUS_P26B,2791,245
COLUMBUS_P534,1870,198
COLUMBUS_P82,1484,136
COLUMBUS_P89,1338,141
CRAVEN_002,8823,1391
CRAVEN_003,3385,241
CRAVEN_005,2318,115
CRAVEN_007,2095,191
CRAVEN_011,2543,179
CRAVEN_016,3973,398
CRAVEN_017,2344,216
CRAVEN_019,2960,225
CRAVEN_020,3321,142
CRAVEN_021,3557,332
CRAVEN_023,5645,460
CRAVEN_CFB8,1358,122
CRAVEN_CLR4,2735,232
CRAVEN_DFB9,769,75
CRAVEN_N1,1903,115
CRAVEN_N2,2097,206
CRAVEN_N3N5,3290,275
CRAVEN_N4,4347,455
CRAVEN_N6,4439,346
CRAVEN_TE13,1280,110
CRAVEN_VE14,3856,349
CUMBERLAND_AH49,2697,249
CUMBERLAND_AL51-1,1664,173
CUMBERLAND_AL51-2,2194,263
CUMBERLAND_AL51-3,1496,148
CUMBERLAND_CC01,1905,198
CUMBERLAND_CC03,1512,187
CUMBERLAND_CC04,1010,96
CUMBERLAND_CC06,1019,76
CUMBERLAND_CC07,906,64
CUMBERLAND_CC08,1261,116
CUMBERLAND_CC10,938,95
CUMBERLAND_CC12,1557,136
CUMBERLAND_CC13,1621,695
CUMBERLAND_CC14,2316,230
CUMBERLAND_CC15,2201,176
CUMBERLAND_CC16,1550,144
CUMBERLAND_CC17,1995,213
CUMBERLAND_CC18,1395,127
CUMBERLAND_CC21,2901,322
CUMBERLAND_CC22A,3660,443
CUMBERLAND_CC23-2,2503,312
CUMBERLAND_CC24,1261,157
CUMBERLAND_CC25,1605,159
CUMBERLAND_CC26,2869,324
CUMBERLAND_CC27,3285,390
CUMBERLAND_CC29,1738,210
CUMBERLAND_CC31,1700,174
CUMBERLAND_CC32,1136,151
CUMBERLAND_CC33,2037,194
CUMBERLAND_CC34,1804,173
CUMBERLAND_CC519,2371,256
CUMBERLAND_CL57-1,2730,239
CUMBERLAND_CL57-2,2727,292
CUMBERLAND_CU02,1576,152
CUMBERLAND_EO01,2892,299
CUMBERLAND_EO02,2089,244
CUMBERLAND_G10A,4706,620
CUMBERLAND_G10B,2573,256
CUMBERLAND_G10C,3812,574
CUMBERLAND_G11B,4006,996
CUMBERLAND_G1A,1932,213
CUMBERLAND_G1B,3739,413
CUMBERLAND_G2A,3801,387
CUMBERLAND_G2C-1,2644,276
CUMBERLAND_G2E-1,1806,220
CUMBERLAND_G2E-2,2161,249
CUMBERLAND_G3A-1,3262,408
CUMBERLAND_G3A-2C,2416,289
CUMBERLAND_G3B,1109,110
CUMBERLAND_G3C,1239,110
CUMBERLAND_G4A,1317,136
CUMBERLAND_G4B,1499,131
CUMBERLAND_G4C,1670,182
CUMBERLAND_G5A-1,2283,292
CUMBERLAND_G5A-2,2029,181
CUMBERLAND_G5B-1,2652,330
CUMBERLAND_G5B-2,1974,196
CUMBERLAND_G5C,1841,206
CUMBERLAND_G6A,4501,477
CUMBERLAND_G6B,1071,102
CUMBERLAND_G6C,1764,170
CUMBERLAND_G7A,1182,122
CUMBERLAND_G7B,1122,130
CUMBERLAND_G8A,3184,367
CUMBERLAND_G8B,2634,422
CUMBERLAND_G8C,2035,215
CUMBERLAND_G8D,2567,263
CUMBERLAND_G9A-3,2500,281
CUMBERLAND_G9B-1,4131,557
CUMBERLAND_G9B-2,4458,636
CUMBERLAND_LI65,3384,356
CUMBERLAND_LO66A,4088,449
CUMBERLAND_LR63,4315,493
CUMBERLAND_MB62,2501,288
CUMBERLAND_MR02,2488,273
CUMBERLAND_SH77,2713,336
CUMBERLAND_SL78-3,4089,533
CURRITUCK_CB,266,14
CURRITUCK_CH,3843,347
CURRITUCK_CO,968,88
CURRITUCK_EM,3294,261
CURRITUCK_GW,307,19
CURRITUCK_IR,1225,99
CURRITUCK_KI,972,74
CURRITUCK_PB,3767,334
CURRITUCK_PP,1718,127
CURRITUCK_WH,989,41
CURRITUCK_WM,3929,407
DARE_AVON,818,45
DARE_BUX,1124,110
DARE_CHCA,726,53
DARE_COL,3496,288
DARE_DUCK,701,28
DARE_EL,93,7
DARE_FRCO,746,49
DARE_HAT,501,31
DARE_KDH,5751,439
DARE_KTHK,3021,284
DARE_MATO,4799,453
DARE_MH,454,38
DARE_NGHD,2598,172
DARE_SOSH,3390,232
DARE_STPT,150,11
DARE_WAN,1018,91
DAVIDSON_004,5996,525
DAVIDSON_006,3116,361
DAVIDSON_008,993,93
DAVIDSON_010,2508,250
DAVIDSON_012,873,90
DAVIDSON_014,1834,162
DAVIDSON_016,2974,288
DAVIDSON_018,2149,132
DAVIDSON_020,2635,243
DAVIDSON_022,946,106
DAVIDSON_024,1741,188
DAVIDSON_026,1187,120
DAVIDSON_028,2654,264
DAVIDSON_030,1540,183
DAVIDSON_032,1286,177
DAVIDSON_034,1612,189
DAVIDSON_036,1093,105
DAVIDSON_038,1045,146
DAVIDSON_040,1832,154
DAVIDSON_042,2459,254
DAVIDSON_044,3650,346
DAVIDSON_046,2442,219
DAVIDSON_048,2339,219
DAVIDSON_050,3480,321
DAVIDSON_052,4333,419
DAVIDSON_054,1779,170
DAVIDSON_056,1273,107
DAVIDSON_058,3232,262
DAVIDSON_060,3940,459
DAVIDSON_062,1448,202
DAVIDSON_064,1349,144
DAVIDSON_066,1553,175
DAVIDSON_068,1881,192
DAVIDSON_070,2244,210
DAVIDSON_072,2942,387
DAVIDSON_074,3618,327
DAVIDSON_076,2985,266
DAVIDSON_078,3357,332
DAVIDSON_082,2824,270
DAVIDSON_084,5637,428
DAVIDSON_088,2451,223
DAVIDSON_80A,5322,520
DAVIDSON_86A,3334,369
DAVIE_001,1169,84
DAVIE_002,1084,95
DAVIE_003,2621,255
DAVIE_004,1669,180
DAVIE_005,2595,234
DAVIE_006,1634,146
DAVIE_007,1645,159
DAVIE_008,2096,210
DAVIE_009,2298,253
DAVIE_010,2672,257
DAVIE_011,1619,121
DAVIE_012,3588,350
DAVIE_013,3276,193
DAVIE_014,2377,213
DUPLIN_ALBE,1245,197
DUPLIN_BEUL,2699,269
DUPLIN_CALY,657,78
DUPLIN_CFRK,665,70
DUPLIN_CHAR,1197,138
DUPLIN_CHIN,829,64
DUPLIN_CYCK,1204,121
DUPLIN_FAIS,1196,169
DUPLIN_GLIS,673,84
DUPLIN_HALL,1294,151
DUPLIN_KENA,2743,271
DUPLIN_MAGN,1196,168
DUPLIN_ROSE,1433,171
DUPLIN_SMCA,1168,131
DUPLIN_WARS,2716,289
DUPLIN_WLLC,5506,561
DUPLIN_WOLF,1390,195
DURHAM_001,1004,101
DURHAM_002,3602,1790
DURHAM_003,2185,325
DURHAM_004,1498,91
DURHAM_005,5049,2589
DURHAM_006,1695,163
DURHAM_007,2400,271
DURHAM_008,2659,188
DURHAM_009,2395,199
DURHAM_010,2396,180
DURHAM_012,647,63
DURHAM_013,957,154
DURHAM_014,2298,352
DURHAM_015,1297,146
DURHAM_017,3634,274
DURHAM_018,1976,336
DURHAM_019,2979,317
DURHAM_020,1891,160
DURHAM_021,1567,70
DURHAM_022,3949,510
DURHAM_023,6165,715
DURHAM_024,3570,253
DURHAM_025,3031,264
DURHAM_026,1337,88
DURHAM_027,3094,181
DURHAM_028,3434,276
DURHAM_029,3948,488
DURHAM_031,7023,592
DURHAM_032,7660,275
DURHAM_036,2396,283
DURHAM_037,5890,428
DURHAM_038,6607,637
DURHAM_040,1905,128
DURHAM_041,1191,110
DURHAM_042,1107,141
DURHAM_043,6554,596
DURHAM_044,6339,505
DURHAM_045,4911,408
DURHAM_046,2829,281
DURHAM_047,1687,175
DURHAM_050,3592,327
DURHAM_051,5170,315
DURHAM_052,3084,458
DURHAM_054,6744,578
DURHAM_056,4651,437
DURHAM_057,4627,352
DURHAM_30-2,7047,718
DURHAM_30-3,4867,524
DURHAM_30-4,4982,355
DURHAM_33-1,5735,342
DURHAM_33-2,5246,437
DURHAM_34-1,3215,273
DURHAM_34-2,5136,600
DURHAM_35-4,4590,399
DURHAM_35-5,4286,336
DURHAM_53-2,4547,391
DURHAM_55-11,1498,183
DURHAM_55-49,1671,1427
EDGECOMBE_0101,1669,160
EDGECOMBE_0102,2621,200
EDGECOMBE_0103,1923,182
EDGECOMBE_0104,1897,185
EDGECOMBE_0201,994,79
EDGECOMBE_0301,360,28
EDGECOMBE_0401,557,40
EDGECOMBE_0501,509,66
EDGECOMBE_0601,789,50
EDGECOMBE_0701,1313,113
EDGECOMBE_0801,1308,153
EDGECOMBE_0901,1009,103
EDGECOMBE_1001,1791,164
EDGECOMBE_1101,845,80
EDGECOMBE_1201,3776,378
EDGECOMBE_1202,1930,199
EDGECOMBE_1203,2848,302
EDGECOMBE_1204,1514,139
EDGECOMBE_1205,1065,90
EDGECOMBE_1301,1075,121
EDGECOMBE_1401,904,103
FORSYTH_012,2840,295
FORSYTH_013,3745,386
FORSYTH_014,2087,173
FORSYTH_015,4279,355
FORSYTH_016,2605,237
FORSYTH_017,1931,204
FORSYTH_021,3702,299
FORSYTH_031,1859,155
FORSYTH_032,3016,247
FORSYTH_033,2250,257
FORSYTH_034,2124,209
FORSYTH_042,3368,334
FORSYTH_043,2677,342
FORSYTH_051,3037,268
FORSYTH_052,1152,88
FORSYTH_053,2756,227
FORSYTH_054,2523,233
FORSYTH_055,3696,390
FORSYTH_061,2133,173
FORSYTH_062,1820,174
FORSYTH_063,3625,366
FORSYTH_064,1203,90
FORSYTH_065,4074,353
FORSYTH_066,2440,261
FORSYTH_067,1686,145
FORSYTH_068,2573,255
FORSYTH_071,3508,347
FORSYTH_073,3399,358
FORSYTH_074,3417,327
FORSYTH_075,765,75
FORSYTH_076,2811,259
FORSYTH_077,2639,348
FORSYTH_081,3148,407
FORSYTH_083,1917,225
FORSYTH_084,2127,191
FORSYTH_085,2121,200
FORSYTH_091,2067,170
FORSYTH_092,1710,152
FORSYTH_101,1901,170
FORSYTH_111,1711,115
FORSYTH_112,2943,261
FORSYTH_121,2950,260
FORSYTH_123,2789,194
FORSYTH_124,2940,360
FORSYTH_131,3592,338
FORSYTH_132,4327,466
FORSYTH_134,3185,342
FORSYTH_135,3404,402
FORSYTH_202,1787,187
FORSYTH_203,1421,187
FORSYTH_204,1365,279
FORSYTH_205,649,80
FORSYTH_206,1349,168
FORSYTH_207,1976,278
FORSYTH_208,1714,454
FORSYTH_301,664,102
FORSYTH_302,813,113
FORSYTH_303,622,108
FORSYTH_304,1522,163
FORSYTH_305,1276,141
FORSYTH_306,1295,259
FORSYTH_401,1403,214
FORSYTH_402,1021,141
FORSYTH_403,1774,175
FORSYTH_404,2118,215
FORSYTH_405,1767,1212
FORSYTH_501,1659,203
FORSYTH_502,1147,175
FORSYTH_503,1219,319
FORSYTH_504,1035,196
FORSYTH_505,1571,271
FORSYTH_506,1713,236
FORSYTH_508,2579,343
FORSYTH_509,2211,270
FORSYTH_601,1378,122
FORSYTH_602,3899,345
FORSYTH_603,1890,150
FORSYTH_604,1532,173
FORSYTH_605,3044,328
FORSYTH_606,1530,230
FORSYTH_607,2029,144
FORSYTH_701,1318,116
FORSYTH_702,1497,91
FORSYTH_703,1106,71
FORSYTH_704,1695,91
FORSYTH_705,2212,168
FORSYTH_706,1075,101
FORSYTH_707,1221,98
FORSYTH_708,3854,418
FORSYTH_709,2853,204
FORSYTH_801,1238,156
FORSYTH_802,1574,160
FORSYTH_803,1615,154
FORSYTH_804,1205,119
FORSYTH_805,2295,202
FORSYTH_806,1810,130
FORSYTH_807,1762,164
FORSYTH_808,2817,289
FORSYTH_809,2664,236
FORSYTH_901,1669,143
FORSYTH_902,2068,120
FORSYTH_903,2881,1437
FORSYTH_904,1934,241
FORSYTH_905,2239,629
FORSYTH_906,2994,265
FORSYTH_907,1762,135
FORSYTH_908,2593,249
FORSYTH_909,1256,127
FRANKLIN_001,1555,127
FRANKLIN_002,1470,128
FRANKLIN_003,3980,379
FRANKLIN_005,2259,280
FRANKLIN_006,1625,146
FRANKLIN_007,1855,212
FRANKLIN_008,3693,303
FRANKLIN_009,1405,91
FRANKLIN_010,910,77
FRANKLIN_011,1499,136
FRANKLIN_012,1272,123
FRANKLIN_013,2058,223
FRANKLIN_014,4910,503
FRANKLIN_015,3850,392
FRANKLIN_016,1733,169
FRANKLIN_017,4088,441
FRANKLIN_018,3967,368
FRANKLIN_019,7789,749
GASTON_10A,2920,239
GASTON_11A,2867,261
GASTON_12A,2141,189
GASTON_13A,2807,269
GASTON_14A,4838,470
GASTON_15A,3473,403
GASTON_16A,2394,284
GASTON_17A,2428,220
GASTON_18A,3480,350
GASTON_19A,3358,294
GASTON_1A,2459,180
GASTON_20A,5051,487
GASTON_21A,3203,219
GASTON_22A,3637,318
GASTON_23A,4717,415
GASTON_24A,4565,400
GASTON_25A,2539,259
GASTON_26A,2199,184
GASTON_27A,2511,211
GASTON_28A,3583,319
GASTON_29A,3683,375
GASTON_2A,3257,347
GASTON_30A,6290,658
GASTON_31A,4270,437
GASTON_32A,3824,310
GASTON_33A,5420,468
GASTON_34A,4350,336
GASTON_35A,1886,158
GASTON_36A,1688,169
GASTON_37A,3269,260
GASTON_38A,2982,222
GASTON_39A,3669,267
GASTON_3A,4060,358
GASTON_40A,5253,550
GASTON_4A,4130,400
GASTON_5A,4585,504
GASTON_6A,3790,322
GASTON_7A,1949,191
GASTON_8A,3325,290
GASTON_9A,2105,158
GATES_001,1226,99
GATES_002,871,84
GATES_003,1767,169
GATES_005,928,77
GATES_4N,1324,108
GATES_4S,793,54
GRAHAM_EAST,2194,225
GRAHAM_STEC,1119,84
GRAHAM_TAPO,417,38
GRAHAM_WEST,1816,187
GRANVILLE_ANTI,934,62
GRANVILLE_BERE,1442,108
GRANVILLE_BTNR,2477,281
GRANVILLE_CORI,2211,245
GRANVILLE_CRDL,1621,145
GRANVILLE_CRDM,4197,417
GRANVILLE_EAOX,1675,165
GRANVILLE_MTEN,4805,453
GRANVILLE_OKHL,1135,101
GRANVILLE_SALM,1698,195
GRANVILLE_SASS,1753,141
GRANVILLE_SOOX,1374,108
GRANVILLE_TYHO,3942,329
GRANVILLE_WILT,5840,525
GRANVILLE_WOEL,1305,113
GREENE_ARBA,811,84
GREENE_BEAR,742,56
GREENE_BULL,729,75
GREENE_CAST,794,84
GREENE_HOOK,715,84
GREENE_MAUR,1382,147
GREENE_SH#1,1410,122
GREENE_SHIN,1376,155
GREENE_SUGG,882,94
GREENE_WALS,927,99
GUILFORD_CG1,2557,222
GUILFORD_CG2,2068,183
GUILFORD_CG3A,1593,129
GUILFORD_CG3B,2842,265
GUILFORD_FEN1,3325,357
GUILFORD_FEN2,1973,198
GUILFORD_FR1,3860,369
GUILFORD_FR2,2206,221
GUILFORD_FR3,1565,165
GUILFORD_FR4,1372,119
GUILFORD_FR5A,1964,218
GUILFORD_FR5B,1326,126
GUILFORD_G01,968,311
GUILFORD_G02,1371,168
GUILFORD_G03,1568,165
GUILFORD_G04,1677,298
GUILFORD_G05,1234,143
GUILFORD_G06,1321,139
GUILFORD_G07,1953,219
GUILFORD_G08,2211,268
GUILFORD_G09,2716,381
GUILFORD_G10,2598,350
GUILFORD_G11,1469,80
GUILFORD_G12,940,73
GUILFORD_G13,1234,80
GUILFORD_G14,1110,111
GUILFORD_G15,1232,81
GUILFORD_G16,1424,132
GUILFORD_G17,1600,105
GUILFORD_G18,1233,105
GUILFORD_G19,1508,143
GUILFORD_G20,2262,175
GUILFORD_G21,3081,307
GUILFORD_G22,1720,168
GUILFORD_G23,1264,106
GUILFORD_G24,1310,129
GUILFORD_G25,1585,104
GUILFORD_G26,3008,350
GUILFORD_G27,2694,199
GUILFORD_G28,982,57
GUILFORD_G29,1376,119
GUILFORD_G30,1682,121
GUILFORD_G31,1345,80
GUILFORD_G32,2241,202
GUILFORD_G33,1615,149
GUILFORD_G34,1740,164
GUILFORD_G35,1120,73
GUILFORD_G36,1695,174
GUILFORD_G37,2177,211
GUILFORD_G38,2179,177
GUILFORD_G39,1288,257
GUILFORD_G40A1,1580,126
GUILFORD_G40A2,1179,68
GUILFORD_G40B,1352,126
GUILFORD_G41A,1300,67
GUILFORD_G41B,1836,135
GUILFORD_G42A,1417,86
GUILFORD_G42B,1023,9
GUILFORD_G43,2277,251
GUILFORD_G44,1856,554
GUILFORD_G45,1969,1655
GUILFORD_G46,2257,547
GUILFORD_G47,2158,510
GUILFORD_G48,2888,827
GUILFORD_G49,1007,135
GUILFORD_G50,2465,612
GUILFORD_G51,1589,203
GUILFORD_G52,1506,167
GUILFORD_G53,2274,296
GUILFORD_G54,2024,240
GUILFORD_G55,2060,252
GUILFORD_G56,1448,180
GUILFORD_G57,1607,179
GUILFORD_G58,1501,223
GUILFORD_G59,1230,185
GUILFORD_G60,1633,220
GUILFORD_G61,1627,219
GUILFORD_G62,1335,136
GUILFORD_G63,1587,134
GUILFORD_G64,2405,271
GUILFORD_G65,2118,240
GUILFORD_G66,2098,275
GUILFORD_G67,1714,814
GUILFORD_G68,1498,1251
GUILFORD_G69,1793,296
GUILFORD_G70,2191,946
GUILFORD_G71,2097,251
GUILFORD_G72,2323,297
GUILFORD_G73,1280,139
GUILFORD_G74,1735,176
GUILFORD_G75,1530,165
GUILFORD_GIB,2794,233
GUILFORD_GR,2603,232
GUILFORD_H01,1670,252
GUILFORD_H02,1477,143
GUILFORD_H03,1493,217
GUILFORD_H04,2372,286
GUILFORD_H05,1812,230
GUILFORD_H06,2539,335
GUILFORD_H07,1217,163
GUILFORD_H08,966,123
GUILFORD_H09,1264,188
GUILFORD_H10,2123,253
GUILFORD_H11,1652,522
GUILFORD_H12,1086,108
GUILFORD_H13,1578,126
GUILFORD_H14,1373,119
GUILFORD_H15,1706,188
GUILFORD_H16,1151,114
GUILFORD_H17,1048,145
GUILFORD_H18,1554,179
GUILFORD_H19A,990,84
GUILFORD_H19B,967,54
GUILFORD_H20A,1043,80
GUILFORD_H20B,1329,131
GUILFORD_H21,1272,99
GUILFORD_H22,1254,125
GUILFORD_H23,1323,102
GUILFORD_H24,2240,184
GUILFORD_H25,3110,344
GUILFORD_H26,1862,177
GUILFORD_H27-A,1965,254
GUILFORD_H27-B,1899,225
GUILFORD_H28,2575,200
GUILFORD_H29A,2181,225
GUILFORD_H29B,2399,191
GUILFORD_JAM1,2616,231
GUILFORD_JAM2,1799,173
GUILFORD_JAM3,2090,188
GUILFORD_JAM4,2799,212
GUILFORD_JAM5,1415,159
GUILFORD_JEF1,3001,329
GUILFORD_JEF2,2584,332
GUILFORD_JEF3,3652,468
GUILFORD_JEF4,1842,202
GUILFORD_MON1,3299,423
GUILFORD_MON2A,3025,460
GUILFORD_MON2B,1621,190
GUILFORD_MON3,4900,555
GUILFORD_NCGR1,3469,471
GUILFORD_NCGR2,2705,357
GUILFORD_NCLAY1,2405,248
GUILFORD_NCLAY2,1334,89
GUILFORD_NDRI,3031,335
GUILFORD_NMAD,3791,341
GUILFORD_NWASH,1168,66
GUILFORD_OR1,4246,499
GUILFORD_OR2,2879,369
GUILFORD_PG1,1675,187
GUILFORD_PG2,2614,219
GUILFORD_RC1,4174,399
GUILFORD_RC2,5741,510
GUILFORD_SCLAY,1902,160
GUILFORD_SDRI,6573,685
GUILFORD_SF1,3420,430
GUILFORD_SF2,1750,177
GUILFORD_SF3,2671,277
GUILFORD_SF4,3568,424
GUILFORD_SMAD,2421,207
GUILFORD_STOK,4951,553
GUILFORD_SUM1,2065,219
GUILFORD_SUM2,2423,291
GUILFORD_SUM3,1058,99
GUILFORD_SUM4,1865,133
GUILFORD_SWASH,982,85
HALIFAX_BUTWD,303,16
HALIFAX_CONC,273,19
HALIFAX_ENF 2,1029,106
HALIFAX_ENF1,1766,127
HALIFAX_FAUCT,1002,67
HALIFAX_HAL,1027,62
HALIFAX_HOL,1675,175
HALIFAX_HPR,832,69
HALIFAX_LIT,2558,150
HALIFAX_RINGW,1066,90
HALIFAX_RR 10,2120,194
HALIFAX_RR 11,2143,188
HALIFAX_RR1-2,1021,127
HALIFAX_RR3-4,1738,198
HALIFAX_RR7-9,3141,312
HALIFAX_RRCE,2455,254
HALIFAX_SN,1649,103
HALIFAX_WEL 3,1747,156
HALIFAX_WEL1-2,1102,120
HARNETT_PR08,9388,894
HARNETT_PR23,5963,652
HARNETT_PR24,6383,700
HARNETT_PR25,2943,292
HARNETT_PR26,3653,361
HARNETT_PR28,8392,722
HARNETT_PR29,4240,379
HARNETT_PR32,4603,496
HARNETT_PR33,6260,752
HARNETT_PR34,6094,705
HARNETT_PR35,3297,356
HARNETT_PR36,5774,709
HARNETT_PR37,6069,724
HARNETT_PR38,2785,268
HARNETT_PR39,2765,281
HAYWOOD_AC,2008,131
HAYWOOD_BC,16,1
HAYWOOD_BE1,1317,120
HAYWOOD_BE2,1134,95
HAYWOOD_BE3,1804,139
HAYWOOD_BE4,1612,125
HAYWOOD_BE5-6,1670,142
HAYWOOD_BE7,1156,97
HAYWOOD_CE,363,18
HAYWOOD_CLN,1969,197
HAYWOOD_CLS,2237,195
HAYWOOD_CR,1569,111
HAYWOOD_EF,1123,95
HAYWOOD_FC-1,719,42
HAYWOOD_FC-2,165,8
HAYWOOD_HA,1021,66
HAYWOOD_ID,976,62
HAYWOOD_IH,3882,195
HAYWOOD_JC,3308,218
HAYWOOD_LJ,1851,104
HAYWOOD_P,2500,211
HAYWOOD_PC,1101,101
HAYWOOD_SA,2014,113
HAYWOOD_WC,785,65
HAYWOOD_WE,1538,87
HAYWOOD_WO,322,26
HAYWOOD_WS-1,1953,107
HAYWOOD_WS-2,1648,120
HAYWOOD_WW,1515,91
HENDERSON_AR,1381,122
HENDERSON_AT,3302,202
HENDERSON_BC,859,51
HENDERSON_BK,1543,168
HENDERSON_CB,1207,73
HENDERSON_CC,3653,261
HENDERSON_CV,506,0
HENDERSON_ED,2977,264
HENDERSON_EF,2378,263
HENDERSON_ES,2189,147
HENDERSON_EV,2551,188
HENDERSON_FL,4030,282
HENDERSON_FR,3014,128
HENDERSON_GM,1377,117
HENDERSON_GR,2446,208
HENDERSON_HC,3193,270
HENDERSON_HS,2512,151
HENDERSON_HV-1,2161,119
HENDERSON_HV-2,2209,157
HENDERSON_HV-3,2093,130
HENDERSON_LJ,2018,132
HENDERSON_LP,1766,94
HENDERSON_MG,1099,97
HENDERSON_NB,3842,457
HENDERSON_NE,2446,217
HENDERSON_NM,3092,246
HENDERSON_NW,1863,140
HENDERSON_PR,2649,195
HENDERSON_PV,1935,96
HENDERSON_RG,2244,220
HENDERSON_RR,1000,62
HENDERSON_SB,3131,267
HENDERSON_SE,1464,151
HENDERSON_SM,3805,336
HENDERSON_SW,2374,151
HERTFORD_A1,1640,129
HERTFORD_A2,1599,116
HERTFORD_A3,916,69
HERTFORD_BR,324,18
HERTFORD_CM,420,32
HERTFORD_CO,422,36
HERTFORD_HV,677,51
HERTFORD_M1,1820,175
HERTFORD_M2,897,48
HERTFORD_ML,472,44
HERTFORD_SJ,581,46
HERTFORD_UN,713,43
HERTFORD_WN,1012,78
HOKE_001,352,47
HOKE_002,1899,217
HOKE_003,851,108
HOKE_004,1095,96
HOKE_005,1749,146
HOKE_012,3772,393
HOKE_013,1356,165
HOKE_014,4682,598
HOKE_015,2983,375
HOKE_061,1326,131
HOKE_062,868,107
HOKE_063,3086,399
HOKE_064,1967,186
HOKE_065,585,38
HOKE_06B,4028,455
HYDE_BM,301,26
HYDE_ENG,347,30
HYDE_FF,256,16
HYDE_LL,378,23
HYDE_OCK,719,63
HYDE_SLAD,276,22
HYDE_SQ,432,34
IREDELL_BA-1,6484,577
IREDELL_BE,5107,479
IREDELL_CC1,6412,833
IREDELL_CC2,6184,692
IREDELL_CC3-1,10629,1323
IREDELL_CC4-1,4960,543
IREDELL_CD,4602,442
IREDELL_CH-A,2702,259
IREDELL_CH-B,2875,341
IREDELL_CS,2569,261
IREDELL_DV1A1A,5880,729
IREDELL_DV1B-1,10016,1281
IREDELL_DV2A-1,5710,605
IREDELL_DV2B-1,7307,737
IREDELL_DV3A,4998,684
IREDELL_EM,1212,99
IREDELL_FT,9573,867
IREDELL_NH,1225,110
IREDELL_OL,1234,114
IREDELL_SB,1829,178
IREDELL_SH-A,2905,272
IREDELL_SH-B,3005,277
IREDELL_ST1,3875,352
IREDELL_ST2,2652,275
IREDELL_ST3,3619,380
IREDELL_ST4,2687,208
IREDELL_ST5,2742,267
IREDELL_ST6,4150,426
IREDELL_TB,2433,246
IREDELL_UG,1426,146
JACKSON_BCK,1284,102
JACKSON_CAN,476,33
JACKSON_CAS,1760,83
JACKSON_CFK,578,50
JACKSON_CUL,5091,2331
JACKSON_GCK,1055,94
JACKSON_GLV,1725,134
JACKSON_QUA,3212,322
JACKSON_RIV,741,72
JACKSON_SAV,1131,103
JACKSON_SCC,1687,117
JACKSON_SDC,5196,453
JACKSON_WEB,1877,150
JOHNSTON_PR04,1083,116
JOHNSTON_PR07,2931,351
JOHNSTON_PR08,2140,221
JOHNSTON_PR09,6314,719
JOHNSTON_PR10A,3592,307
JOHNSTON_PR10B,3754,302
JOHNSTON_PR11A,2805,271
JOHNSTON_PR11B,5101,521
JOHNSTON_PR12A,5968,620
JOHNSTON_PR12B,5525,710
JOHNSTON_PR13,4345,403
JOHNSTON_PR14,2724,267
JOHNSTON_PR19,2079,220
JOHNSTON_PR20,5021,554
JOHNSTON_PR21,3149,354
JOHNSTON_PR22,3098,347
JOHNSTON_PR23A,4772,523
JOHNSTON_PR23B,3844,372
JOHNSTON_PR24,2321,256
JOHNSTON_PR25,2342,298
JOHNSTON_PR26,2141,247
JOHNSTON_PR27A,1627,150
JOHNSTON_PR27B,2762,324
JOHNSTON_PR28,4509,519
JOHNSTON_PR29A,7164,942
JOHNSTON_PR29B,14299,1603
JOHNSTON_PR30,4694,547
JOHNSTON_PR31A,3495,408
JOHNSTON_PR31B,6862,715
JOHNSTON_PR32,3760,407
JOHNSTON_PR33,4297,484
JOHNSTON_PR34,6467,729
JOHNSTON_PR35,5137,464
JOHNSTON_PR36,3000,324
JOHNSTON_PR37,4024,477
JOHNSTON_PR38,2052,250
JONES_P01,610,69
JONES_P02,414,31
JONES_P03,548,48
JONES_P04,1787,125
JONES_P05,1272,102
JONES_P06,514,45
JONES_P07,1171,76
LEE_A1,4216,504
LEE_A2,4691,594
LEE_B1,2219,195
LEE_B2,2245,261
LEE_C1,4065,438
LEE_C2,3834,379
LEE_D1,3947,387
LEE_D2,3812,313
LEE_E1,2518,254
LEE_E2,3926,388
LENOIR_C,1967,200
LENOIR_FC,3578,360
LENOIR_I,1627,172
LENOIR_K1,616,91
LENOIR_K2,760,45
LENOIR_K3,1129,101
LENOIR_K4,2223,183
LENOIR_K5,1271,119
LENOIR_K6,1741,181
LENOIR_K7,1455,104
LENOIR_K8,813,87
LENOIR_K9,1762,153
LENOIR_MH,3172,299
LENOIR_N,2691,282
LENOIR_PH1,569,63
LENOIR_PH2,1038,104
LENOIR_SH,634,66
LENOIR_SW,903,83
LENOIR_T1,1194,134
LENOIR_T2,881,112
LENOIR_V,1839,176
LENOIR_W,989,100
LINCOLN_AS25,2259,196
LINCOLN_BC13,1526,177
LINCOLN_BS26,2055,181
LINCOLN_CF19,1796,170
LINCOLN_DN29,3281,330
LINCOLN_DV08,2800,244
LINCOLN_DW28,3119,306
LINCOLN_HC33,3451,333
LINCOLN_IS20,1612,126
LINCOLN_IS23,2572,307
LINCOLN_LB34,2532,205
LINCOLN_LI14,1373,105
LINCOLN_LN11,1428,90
LINCOLN_LS12,1498,136
LINCOLN_LW18,1774,129
LINCOLN_LW31,4976,314
LINCOLN_NB35,3616,339
LINCOLN_OB21,2221,233
LINCOLN_PC22,2646,274
LINCOLN_SL24,1605,125
LINCOLN_ST36,3333,316
LINCOLN_TA37,4807,349
LINCOLN_WP32,6503,600
MACON_001,2242,157
MACON_002,1172,125
MACON_003,2446,204
MACON_004,1488,143
MACON_005,2608,236
MACON_006,2146,155
MACON_007,2043,140
MACON_008,470,26
MACON_009,2314,127
MACON_010,468,31
MACON_011,2891,235
MACON_012,2021,132
MACON_013,610,39
MACON_014,745,40
MACON_015,2129,143
MADISON_BEECH,2600,192
MADISON_EBBS C,984,69
MADISON_GRAPEV,1051,87
MADISON_HOT SP,758,70
MADISON_LAUREL,852,59
MADISON_MARS H,3490,360
MADISON_NORTH,2091,167
MADISON_REVERE,246,27
MADISON_SANDY,478,44
MADISON_SOUTH,920,73
MADISON_SPRING,671,27
MADISON_WALNUT,1201,78
MARTIN_BG,1463,133
MARTIN_CR,944,109
MARTIN_GRF,1209,101
MARTIN_GSN,891,59
MARTIN_HMT,943,81
MARTIN_JMV,1924,199
MARTIN_RBV,1957,164
MARTIN_WM1,2693,293
MARTIN_WM2,2577,269
MCDOWELL_CCREEK,1873,141
MCDOWELL_DYSART,2361,219
MCDOWELL_FORT 1,1132,76
MCDOWELL_FORT 2,1660,119
MCDOWELL_GLENWD,1773,157
MCDOWELL_HIGGIN,1450,116
MCDOWELL_M.COVE,1568,150
MCDOWELL_MAR 1,2651,231
MCDOWELL_MAR 2,1214,107
MCDOWELL_MAR 3,858,88
MCDOWELL_MAR 4,1009,119
MCDOWELL_MAR 5,943,113
MCDOWELL_N.COVE,805,51
MCDOWELL_NEBO,2419,216
MCDOWELL_PLEASA,1881,147
MCDOWELL_T.COVE,636,49
MCDOWELL_WEST M,3140,322
MECKLENBURG_001,1534,152
MECKLENBURG_002,2945,195
MECKLENBURG_003,1894,269
MECKLENBURG_004,1961,232
MECKLENBURG_005,1336,108
MECKLENBURG_006,1845,215
MECKLENBURG_007,1830,120
MECKLENBURG_008,2264,311
MECKLENBURG_009,4489,271
MECKLENBURG_010,2590,231
MECKLENBURG_011,8105,857
MECKLENBURG_012,3007,603
MECKLENBURG_013,4182,305
MECKLENBURG_014,4299,244
MECKLENBURG_015,3796,177
MECKLENBURG_016,2569,236
MECKLENBURG_017,1865,253
MECKLENBURG_018,1686,181
MECKLENBURG_019,1759,199
MECKLENBURG_020,2340,271
MECKLENBURG_021,2286,100
MECKLENBURG_022,9038,1001
MECKLENBURG_023,2744,219
MECKLENBURG_024,2683,218
MECKLENBURG_025,1984,214
MECKLENBURG_026,3355,370
MECKLENBURG_027,2695,296
MECKLENBURG_028,1972,121
MECKLENBURG_029,1874,127
MECKLENBURG_030,5015,257
MECKLENBURG_031,2312,213
MECKLENBURG_032,2056,270
MECKLENBURG_033,1813,141
MECKLENBURG_034,2735,169
MECKLENBURG_035,2085,203
MECKLENBURG_036,2493,203
MECKLENBURG_037,2064,76
MECKLENBURG_038,1869,101
MECKLENBURG_039,2795,384
MECKLENBURG_040,2295,265
MECKLENBURG_041,2271,283
MECKLENBURG_042,2400,295
MECKLENBURG_043,2564,294
MECKLENBURG_044,1732,74
MECKLENBURG_045,1724,175
MECKLENBURG_046,2424,167
MECKLENBURG_047,2844,339
MECKLENBURG_048,2053,333
MECKLENBURG_049,2916,223
MECKLENBURG_050,1730,91
MECKLENBURG_051,2775,154
MECKLENBURG_052,3630,264
MECKLENBURG_053,3557,471
MECKLENBURG_054,2843,198
MECKLENBURG_055,1496,160
MECKLENBURG_056,1796,190
MECKLENBURG_057,2528,107
MECKLENBURG_058,2102,116
MECKLENBURG_059,1201,57
MECKLENBURG_060,1781,153
MECKLENBURG_061,2275,161
MECKLENBURG_062,1815,272
MECKLENBURG_063,1866,259
MECKLENBURG_064,1126,79
MECKLENBURG_065,1422,119
MECKLENBURG_066,1611,135
MECKLENBURG_067,1516,150
MECKLENBURG_068,1189,117
MECKLENBURG_069,4358,468
MECKLENBURG_070,2240,255
MECKLENBURG_071,2295,312
MECKLENBURG_072,1502,155
MECKLENBURG_073,1626,152
MECKLENBURG_074,3313,306
MECKLENBURG_075,3296,252
MECKLENBURG_076,2765,171
MECKLENBURG_077,2894,342
MECKLENBURG_078.1,1494,133
MECKLENBURG_079,2008,204
MECKLENBURG_080,3728,432
MECKLENBURG_081,4208,469
MECKLENBURG_082,3127,495
MECKLENBURG_083,2979,385
MECKLENBURG_084,2072,249
MECKLENBURG_085,2253,182
MECKLENBURG_086,2110,282
MECKLENBURG_087,2438,199
MECKLENBURG_088,2394,162
MECKLENBURG_089,5900,670
MECKLENBURG_090,1525,154
MECKLENBURG_091,4643,665
MECKLENBURG_092,2953,260
MECKLENBURG_093,1844,178
MECKLENBURG_094,1798,182
MECKLENBURG_095,1736,225
MECKLENBURG_096,2031,113
MECKLENBURG_097,1115,128
MECKLENBURG_098,2726,340
MECKLENBURG_099,1621,210
MECKLENBURG_100,2841,296
MECKLENBURG_101,2146,172
MECKLENBURG_102,4195,508
MECKLENBURG_103,3308,284
MECKLENBURG_104,2505,302
MECKLENBURG_105,4154,1264
MECKLENBURG_106,1629,100
MECKLENBURG_107.1,3416,377
MECKLENBURG_108,2089,320
MECKLENBURG_109,2626,128
MECKLENBURG_110,1349,126
MECKLENBURG_111,2791,232
MECKLENBURG_112,2219,269
MECKLENBURG_113,3292,390
MECKLENBURG_114,2762,258
MECKLENBURG_115,1421,170
MECKLENBURG_116,1436,206
MECKLENBURG_117,1969,169
MECKLENBURG_118,2807,376
MECKLENBURG_119,1657,157
MECKLENBURG_120,1527,182
MECKLENBURG_121,3924,399
MECKLENBURG_122,4728,415
MECKLENBURG_123,2314,297
MECKLENBURG_124,2320,236
MECKLENBURG_125,1207,171
MECKLENBURG_126,4033,484
MECKLENBURG_127,5888,827
MECKLENBURG_128,2705,225
MECKLENBURG_129,1031,94
MECKLENBURG_130,1614,175
MECKLENBURG_131,1747,144
MECKLENBURG_132,2732,403
MECKLENBURG_133,5290,583
MECKLENBURG_134,6581,600
MECKLENBURG_135,7228,1023
MECKLENBURG_136,3050,195
MECKLENBURG_137,6338,902
MECKLENBURG_138,3075,321
MECKLENBURG_139.1,3413,425
MECKLENBURG_140,5342,698
MECKLENBURG_141,2983,2121
MECKLENBURG_142,6568,560
MECKLENBURG_143,5869,708
MECKLENBURG_144,3705,363
MECKLENBURG_145,10224,1232
MECKLENBURG_146,3771,467
MECKLENBURG_147,3155,352
MECKLENBURG_148,10672,1603
MECKLENBURG_149,5515,650
MECKLENBURG_150,3483,337
MECKLENBURG_151,5289,563
MECKLENBURG_200,3299,262
MECKLENBURG_201,9020,942
MECKLENBURG_202,9291,976
MECKLENBURG_203,8220,1007
MECKLENBURG_204.1,4890,645
MECKLENBURG_205,4441,518
MECKLENBURG_206,7690,1543
MECKLENBURG_207,5968,721
MECKLENBURG_208,4831,595
MECKLENBURG_209,4964,553
MECKLENBURG_210,5694,645
MECKLENBURG_211,9777,1022
MECKLENBURG_212,12149,1704
MECKLENBURG_213,4794,639
MECKLENBURG_214,3270,361
MECKLENBURG_215,3667,362
MECKLENBURG_216,4999,481
MECKLENBURG_217,2566,253
MECKLENBURG_218,2875,275
MECKLENBURG_219,2818,260
MECKLENBURG_220,3104,215
MECKLENBURG_221,4757,475
MECKLENBURG_222,6968,831
MECKLENBURG_223.1,7432,884
MECKLENBURG_224,3177,337
MECKLENBURG_225,2837,176
MECKLENBURG_226,3388,261
MECKLENBURG_227,7018,876
MECKLENBURG_228,3931,350
MECKLENBURG_229,14531,1287
MECKLENBURG_230,9554,1002
MECKLENBURG_231,4460,455
MECKLENBURG_232,4616,442
MECKLENBURG_233,4522,434
MECKLENBURG_234,3318,412
MECKLENBURG_235,3034,342
MECKLENBURG_236,5777,568
MECKLENBURG_237,4680,824
MECKLENBURG_238.1,2935,304
MECKLENBURG_239,4270,513
MECKLENBURG_240,5721,478
MECKLENBURG_241,10205,887
MECKLENBURG_242,3177,393
MECKLENBURG_243,10150,966
MECKLENBURG_78.1,1588,157
MITCHELL_002,253,12
MITCHELL_003,474,40
MITCHELL_004,5334,424
MITCHELL_005,764,69
MITCHELL_006,488,31
MITCHELL_007,147,6
MITCHELL_009,1145,69
MITCHELL_01-A,1489,116
MONTGOMERY_BIS,1274,197
MONTGOMERY_CAN,1201,185
MONTGOMERY_CHE,613,51
MONTGOMERY_ELD,1639,74
MONTGOMERY_LIT,526,57
MONTGOMERY_MTG,1353,114
MONTGOMERY_OPH,270,19
MONTGOMERY_PEE,1493,85
MONTGOMERY_ROC,676,98
MONTGOMERY_STA,1411,152
MONTGOMERY_T1,1739,179
MONTGOMERY_T2,1247,113
MONTGOMERY_UWH,1360,112
MONTGOMERY_WAD,380,39
MOORE_BEN,1943,167
MOORE_CAM,2662,261
MOORE_CAR,5479,561
MOORE_DHR,1590,177
MOORE_EAB,2890,236
MOORE_EKWD,1444,103
MOORE_EUR-WP,4524,517
MOORE_EWD,1714,175
MOORE_LTR,3182,358
MOORE_NSP,2398,117
MOORE_PBF,2141,199
MOORE_PDN,3269,291
MOORE_PHA1,3066,238
MOORE_PHA2,2197,124
MOORE_PHB1A,2948,143
MOORE_PHB2,2277,117
MOORE_PHC,4077,253
MOORE_RBN,1165,174
MOORE_SLS,4826,366
MOORE_SSP,3987,320
MOORE_TLT,451,25
MOORE_VSS,2220,241
MOORE_WAB,3665,312
MOORE_WEM,1909,178
MOORE_WKWD1,2664,154
MOORE_WND,3125,282
NASH_P01A,3200,329
NASH_P02A,2398,273
NASH_P03A,1790,210
NASH_P04A,1767,233
NASH_P05A,2877,274
NASH_P06A,2816,254
NASH_P07A,794,64
NASH_P08A,6398,555
NASH_P09A,1280,125
NASH_P10A,1799,157
NASH_P11A,3016,293
NASH_P12A,949,73
NASH_P13A,650,52
NASH_P14A,1602,166
NASH_P15A,4044,397
NASH_P16A,2081,248
NASH_P17A,3614,330
NASH_P18A,2553,204
NASH_P19A,5071,470
NASH_P20A,2449,207
NASH_P21A,2718,246
NASH_P22A,2063,178
NASH_P23A,3025,303
NASH_P24A,2987,272
NEW HANOVER_CF01,5215,390
NEW HANOVER_CF02,2868,265
NEW HANOVER_CF05,3225,291
NEW HANOVER_CF06,2718,263
NEW HANOVER_FP03,1756,102
NEW HANOVER_FP04,5936,563
NEW HANOVER_FP06,3964,407
NEW HANOVER_FP07,5240,481
NEW HANOVER_FP08,5329,363
NEW HANOVER_H01,1505,137
NEW HANOVER_H02,4339,320
NEW HANOVER_H04,3891,409
NEW HANOVER_H05,3616,207
NEW HANOVER_H06,3090,257
NEW HANOVER_H08,6169,580
NEW HANOVER_H10,3913,413
NEW HANOVER_H11,6411,634
NEW HANOVER_H12,3840,392
NEW HANOVER_H13,5213,376
NEW HANOVER_M02,6253,668
NEW HANOVER_M03,6976,472
NEW HANOVER_M04,6321,623
NEW HANOVER_M06,2708,185
NEW HANOVER_M07,2546,161
NEW HANOVER_W03,1929,125
NEW HANOVER_W08,1472,114
NEW HANOVER_W12,1727,178
NEW HANOVER_W15,4970,715
NEW HANOVER_W16,3057,264
NEW HANOVER_W17,2117,196
NEW HANOVER_W21,4196,307
NEW HANOVER_W25,3916,235
NEW HANOVER_W26,2364,155
NEW HANOVER_W27,2720,160
NEW HANOVER_W29,3062,273
NEW HANOVER_W30,4883,427
NEW HANOVER_W31,3948,339
NEW HANOVER_W33,5227,609
NEW HANOVER_W34,5237,2615
NEW HANOVER_W35,4202,765
NEW HANOVER_WB,1859,166
NORTHAMPTON_COMIPE,1043,65
NORTHAMPTON_CREEKS,483,36
NORTHAMPTON_GALATI,492,36
NORTHAMPTON_GAPL,1518,107
NORTHAMPTON_GASTON,2138,188
NORTHAMPTON_JARE,724,44
NORTHAMPTON_LAKE G,1229,46
NORTHAMPTON_LASKER,203,11
NORTHAMPTON_NEWTOW,432,36
NORTHAMPTON_RICH S,1011,81
NORTHAMPTON_SEABOA,750,69
NORTHAMPTON_SEVERN,273,16
NORTHAMPTON_WOPO,591,43
ONSLOW_BC21,5785,626
ONSLOW_BM08,6824,879
ONSLOW_CL10,3146,347
ONSLOW_CR07,4982,559
ONSLOW_EN03,10981,1668
ONSLOW_FS16,5403,427
ONSLOW_GB12,5614,740
ONSLOW_HM05,4540,565
ONSLOW_HN14,2767,298
ONSLOW_HR17,3987,316
ONSLOW_HU20,3757,433
ONSLOW_JA01,6181,2155
ONSLOW_ML23,1185,108
ONSLOW_MT24,2430,205
ONSLOW_NE22A,4854,672
ONSLOW_NE22B,5554,665
ONSLOW_NM13,1085,107
ONSLOW_NR02,1479,189
ONSLOW_RL09,6199,749
ONSLOW_SF18,6350,545
ONSLOW_SW19,5106,458
ONSLOW_TL06,3668,398
ONSLOW_VR15,2120,241
ONSLOW_WN04,4572,513
ORANGE_CA,1090,91
ORANGE_CB1,2765,298
ORANGE_CF1,4003,541
ORANGE_CG,1585,139
ORANGE_CH,1166,127
ORANGE_CO,2399,420
ORANGE_CS1,1715,165
ORANGE_CW,2801,238
ORANGE_CX,6476,623
ORANGE_DA,2890,414
ORANGE_DM,2056,292
ORANGE_EA1,1823,703
ORANGE_EF,2002,171
ORANGE_EH,2036,307
ORANGE_ENO,2276,306
ORANGE_ES,1816,178
ORANGE_GB,4239,479
ORANGE_GL,2265,318
ORANGE_H,1328,93
ORANGE_HE,1973,149
ORANGE_HF,2841,486
ORANGE_HN,2691,301
ORANGE_KM,2022,236
ORANGE_NC,2500,312
ORANGE_NS,1801,809
ORANGE_OG,3368,264
ORANGE_OW1,2544,401
ORANGE_PA,2937,330
ORANGE_RE,3462,527
ORANGE_RF,2185,287
ORANGE_SJ,2776,292
ORANGE_SM,2463,218
ORANGE_TH1,1805,208
ORANGE_TO,1380,118
ORANGE_UNC,4291,2851
ORANGE_WC,1631,148
ORANGE_WD,2512,302
ORANGE_WDS,426,0
ORANGE_WH,1981,176
ORANGE_WW1,2280,630
PAMLICO_1CR,1320,134
PAMLICO_1RB,1370,127
PAMLICO_2OT,2032,60
PAMLICO_3CH,1654,125
PAMLICO_4BR,504,39
PAMLICO_5AP,2307,118
PASQUOTANK_EAST,3288,326
PASQUOTANK_MH,4549,497
PASQUOTANK_NEW,1898,171
PASQUOTANK_NIX,3684,313
PASQUOTANK_NORTH,2173,266
PASQUOTANK_PRO,4911,475
PASQUOTANK_SAL,1182,107
PASQUOTANK_SOUTH,2786,734
PASQUOTANK_WEST,2597,315
PENDER_BW01,5112,450
PENDER_CL05,1288,102
PENDER_LT18,5912,636
PENDER_MC07,2552,229
PENDER_MT19,3839,334
PENDER_PL18,2581,253
PENDER_RP21,6624,731
PENDER_SC13,4861,429
PENDER_SH12,2881,260
PENDER_SP15,5372,555
PENDER_UH08,763,58
PENDER_UT14,5042,529
PERQUIMANS_BELVID,708,71
PERQUIMANS_BETHEL,2675,141
PERQUIMANS_EAST H,871,93
PERQUIMANS_NEW HO,2407,174
PERQUIMANS_NICANO,218,19
PERQUIMANS_PARKVI,1690,125
PERQUIMANS_WEST H,796,85
PERSON_ALVI,1951,182
PERSON_CUCL,1698,103
PERSON_FLHE,5047,433
PERSON_HLWY,989,83
PERSON_MTTZ,2315,172
PERSON_OLHI,1520,133
PERSON_PNTH,3275,285
PERSON_RCOB,3430,303
PERSON_ROXL,1605,120
PERSON_SWST,1807,134
PERSON_WDSD,996,64
PITT_0101,3764,346
PITT_0200A,2851,291
PITT_0200B,2399,236
PITT_0301,3584,475
PITT_0401,1330,121
PITT_0501,1284,168
PITT_0601,4797,578
PITT_0701,1944,179
PITT_0800A,2181,220
PITT_0800B,1836,176
PITT_0901,735,64
PITT_1001,2836,307
PITT_1101,1162,160
PITT_1102A,3573,414
PITT_1102B,4381,509
PITT_1201,3819,472
PITT_1301,1139,101
PITT_1403A1,3287,354
PITT_1403A2,3297,318
PITT_1403B,4406,465
PITT_1501,922,118
PITT_1503,2234,434
PITT_1504A,2423,231
PITT_1504B,4254,368
PITT_1505A,2118,225
PITT_1505B,2380,266
PITT_1506,1833,710
PITT_1507,3224,1468
PITT_1507B,1707,1400
PITT_1508A,1400,893
PITT_1508B,1569,379
PITT_1509,3474,633
PITT_1510A,2173,192
PITT_1510B,2367,192
PITT_1511A,3637,372
PITT_1511B,3215,464
PITT_1512A,6079,712
PITT_1512B,2375,245
PITT_1513A,3236,400
PITT_1513B,2476,337
POLK_CG05,1712,151
POLK_CL07,2260,165
POLK_CL08,2673,154
POLK_GC09,2548,193
POLK_SA04,1526,97
POLK_TR123,2706,126
POLK_WO06,1697,146
RANDOLPH_AE,3840,426
RANDOLPH_AN,3449,518
RANDOLPH_AR,7198,672
RANDOLPH_AS,3553,372
RANDOLPH_AW,4905,551
RANDOLPH_BC,2988,302
RANDOLPH_DR,4110,448
RANDOLPH_GR,3593,385
RANDOLPH_LB,2505,268
RANDOLPH_LC,2195,209
RANDOLPH_NM,4047,379
RANDOLPH_PR,5214,494
RANDOLPH_RM,2665,280
RANDOLPH_RN,5220,554
RANDOLPH_SE,1904,184
RANDOLPH_SO,3341,317
RANDOLPH_ST,1912,193
RANDOLPH_SW,2596,255
RANDOLPH_TB,2776,267
RANDOLPH_TR,8438,818
RANDOLPH_TT,3834,409
RANDOLPH_UG,6854,742
RICHMOND_001,3657,407
RICHMOND_002,4190,451
RICHMOND_008,3090,351
RICHMOND_009,4390,444
RICHMOND_010,769,77
RICHMOND_014,114,16
RICHMOND_021,1808,176
RICHMOND_022,2115,254
RICHMOND_023,1546,175
RICHMOND_024,1622,179
RICHMOND_025,859,76
ROBESON_001,1011,127
ROBESON_002,2116,225
ROBESON_003,2016,266
ROBESON_004,2008,260
ROBESON_007,704,89
ROBESON_008,1603,204
ROBESON_009,1329,194
ROBESON_010,938,115
ROBESON_011,3199,284
ROBESON_012,1917,226
ROBESON_013,1526,184
ROBESON_014,925,99
ROBESON_015,871,107
ROBESON_016,988,98
ROBESON_017,351,37
ROBESON_019,2558,320
ROBESON_020,1014,118
ROBESON_021,2171,245
ROBESON_022,2154,444
ROBESON_023,3190,470
ROBESON_024,1120,149
ROBESON_025,1639,220
ROBESON_028,1076,194
ROBESON_029,1204,112
ROBESON_030,2468,329
ROBESON_033,519,91
ROBESON_034,1519,175
ROBESON_035,1922,233
ROBESON_036,1021,129
ROBESON_037,538,53
ROBESON_038,414,46
ROBESON_039,1546,191
ROBESON_040,468,41
ROBESON_041,2999,319
ROBESON_05A,2915,286
ROBESON_11A,1450,197
ROBESON_18A,1333,144
ROBESON_26A,2723,365
ROBESON_32A,4150,595
ROCKINGHAM_DR,1784,174
ROCKINGHAM_EC,3506,328
ROCKINGHAM_ED,5408,514
ROCKINGHAM_HO-1,3100,262
ROCKINGHAM_HU-1,4069,366
ROCKINGHAM_LI-1,3725,324
ROCKINGHAM_MO,3320,255
ROCKINGHAM_NB,3513,300
ROCKINGHAM_RC,4563,431
ROCKINGHAM_RE-1,4984,409
ROCKINGHAM_RE-2,4582,370
ROCKINGHAM_ST,4510,395
ROCKINGHAM_WI,3576,299
ROCKINGHAM_WS-1,5002,359
ROWAN_001,1666,138
ROWAN_002,1231,96
ROWAN_003,2075,181
ROWAN_004,4105,363
ROWAN_007,1809,183
ROWAN_008,3014,297
ROWAN_009,1937,202
ROWAN_010,2887,251
ROWAN_011,2744,247
ROWAN_012,1747,161
ROWAN_013,2142,208
ROWAN_015,3211,268
ROWAN_016,2087,247
ROWAN_017,2341,264
ROWAN_018,766,66
ROWAN_021,2488,267
ROWAN_022,884,53
ROWAN_023,1538,135
ROWAN_024,1498,120
ROWAN_025,3423,361
ROWAN_026,1739,177
ROWAN_027,1170,99
ROWAN_028,1930,193
ROWAN_029,1105,115
ROWAN_030,2119,313
ROWAN_031,1536,100
ROWAN_032,1596,155
ROWAN_033,1674,154
ROWAN_034,2390,254
ROWAN_035,1045,89
ROWAN_036,2529,231
ROWAN_038,2261,184
ROWAN_039,1587,223
ROWAN_040,2174,228
ROWAN_041,2253,184
ROWAN_042,1314,638
ROWAN_044,2501,244
ROWAN_045,1269,96
ROWAN_05A,3974,386
ROWAN_14A,4062,364
ROWAN_19A,4005,377
RUTHERFORD_011,4839,464
RUTHERFORD_013,3422,341
RUTHERFORD_014,2138,206
RUTHERFORD_018,1998,158
RUTHERFORD_019,1802,192
RUTHERFORD_027,3053,250
RUTHERFORD_028,1473,163
RUTHERFORD_029,1723,189
RUTHERFORD_030,2842,243
RUTHERFORD_034,1385,130
RUTHERFORD_03A,1988,167
RUTHERFORD_04A,2147,209
RUTHERFORD_05A,2410,235
RUTHERFORD_06A,2396,115
RUTHERFORD_09A,3059,270
RUTHERFORD_10A,1226,85
RUTHERFORD_16A,2582,213
SAMPSON_AUTR,1471,153
SAMPSON_CLCE,742,79
SAMPSON_CLEA,2349,288
SAMPSON_CLEM,1444,182
SAMPSON_CLNE,1692,176
SAMPSON_CLSW,1376,149
SAMPSON_CLWE,1559,158
SAMPSON_GARL,1053,139
SAMPSON_GIDD,1054,149
SAMPSON_HARR,1406,114
SAMPSON_HERR,694,75
SAMPSON_INGO,1051,142
SAMPSON_KEEN,1158,146
SAMPSON_KFRK,1623,192
SAMPSON_LAKE,2344,234
SAMPSON_MING,2411,322
SAMPSON_NGRV,1252,150
SAMPSON_PLVW,2467,248
SAMPSON_ROSE,1381,159
SAMPSON_ROWA,1352,155
SAMPSON_SBRG,913,101
SAMPSON_TURK,948,98
SAMPSON_WBRK,1335,137
SCOTLAND_003,2667,283
SCOTLAND_004,3188,324
SCOTLAND_007,2765,240
SCOTLAND_01-16,2572,305
SCOTLAND_02-25,2748,317
SCOTLAND_05-10,1723,162
SCOTLAND_06-89,2809,309
STANLY_0003,2003,172
STANLY_0011,1258,101
STANLY_0014,998,79
STANLY_0015,1149,120
STANLY_0016,1182,99
STANLY_0017,1845,191
STANLY_0018,1085,98
STANLY_0019,1582,164
STANLY_0021,1276,142
STANLY_0022,1920,194
STANLY_0023,3155,330
STANLY_0024,4102,355
STANLY_0025,3616,369
STANLY_0107,2304,212
STANLY_0108,1292,125
STANLY_0110,1814,179
STANLY_0113,1267,112
STANLY_0120,2668,225
STANLY_0126,2062,207
STANLY_0127,3100,296
STANLY_0212,2220,251
STOKES_001,741,49
STOKES_002,1653,144
STOKES_003,1307,129
STOKES_004,1938,180
STOKES_007,641,45
STOKES_008,1351,117
STOKES_009,2033,184
STOKES_010,3646,296
STOKES_011,3356,272
STOKES_012,1790,148
STOKES_013,1660,151
STOKES_017,1528,116
STOKES_020,1312,124
STOKES_0506,1399,110
STOKES_140,2209,201
STOKES_150,1228,95
STOKES_1618,1841,173
STOKES_1819,912,57
SURRY_001,1729,163
SURRY_004,1630,193
SURRY_005,2310,217
SURRY_009,1267,145
SURRY_010,1118,128
SURRY_011,1265,147
SURRY_012,1920,207
SURRY_015,1643,155
SURRY_016,1247,133
SURRY_017,1178,111
SURRY_018,1881,151
SURRY_019,2526,239
SURRY_022,1100,86
SURRY_023,1350,107
SURRY_024,723,68
SURRY_025,1381,154
SURRY_026,2462,188
SURRY_027,1460,117
SURRY_028,1278,129
SURRY_029,2766,304
SURRY_030,4045,365
SURRY_032,2904,293
SURRY_034,3830,345
SWAIN_ALARKA,715,42
SWAIN_ALMOND,1239,83
SWAIN_BC1,2002,151
SWAIN_BC2,1974,180
SWAIN_WHCH,2604,267
TRANSYLVANIA_B1,1617,122
TRANSYLVANIA_B2,1444,90
TRANSYLVANIA_B3,1799,95
TRANSYLVANIA_B4,1396,147
TRANSYLVANIA_BD,2482,226
TRANSYLVANIA_CC.1,2151,185
TRANSYLVANIA_CM,813,57
TRANSYLVANIA_DR,2391,95
TRANSYLVANIA_EF,981,40
TRANSYLVANIA_LR,1554,127
TRANSYLVANIA_PF,1101,116
TRANSYLVANIA_RE.1,2006,212
TRANSYLVANIA_TC1,788,62
TRANSYLVANIA_TC7,1664,114
TRANSYLVANIA_WC,1526,86
TYRRELL_001,156,11
TYRRELL_002,1151,92
TYRRELL_003,139,7
TYRRELL_014,46,0
TYRRELL_015,421,30
TYRRELL_016,21,0
UNION_0005,3729,402
UNION_001,936,195
UNION_0019,4510,588
UNION_002,1338,180
UNION_0020A,3665,431
UNION_0020B,4379,773
UNION_003,1037,121
UNION_0030,4453,500
UNION_004,1067,226
UNION_0044,3486,510
UNION_0045,2991,468
UNION_006,2411,248
UNION_007,4183,447
UNION_008,1877,339
UNION_009,1194,144
UNION_010,1011,113
UNION_011,2752,327
UNION_012,2434,265
UNION_013,2722,346
UNION_014,1805,201
UNION_015,4418,429
UNION_016,6054,796
UNION_017A,3745,423
UNION_017B,4926,822
UNION_018,3445,493
UNION_021,2624,256
UNION_022,2588,250
UNION_023,2017,192
UNION_024,2262,229
UNION_025,2062,197
UNION_026,1930,204
UNION_027,1729,153
UNION_028A,5847,1129
UNION_028B,4324,876
UNION_028C,3933,725
UNION_028D,4894,822
UNION_029A,4775,615
UNION_029B,1669,203
UNION_029C,3067,270
UNION_031,3758,466
UNION_032,3497,331
UNION_033,2446,252
UNION_034,3753,429
UNION_035,2003,152
UNION_036,2087,208
UNION_037A,5362,636
UNION_037B,1374,135
UNION_038A,3354,476
UNION_038B,2113,195
UNION_039,3056,380
UNION_040,4039,610
UNION_041,4649,706
UNION_042,1932,197
UNION_043,756,123
VANCE_CC,2490,243
VANCE_CH,2603,281
VANCE_KITT,3111,301
VANCE_MIDD,2339,194
VANCE_NH,2964,267
VANCE_NV,957,100
VANCE_SCRK,3517,391
VANCE_SH,2400,299
VANCE_WH,3056,233
WAKE_01-01,1930,413
WAKE_01-02,1747,338
WAKE_01-03,2129,269
WAKE_01-04,1243,96
WAKE_01-05,1150,134
WAKE_01-06,2711,198
WAKE_01-07,2831,196
WAKE_01-09,1185,104
WAKE_01-10,1555,171
WAKE_01-11,2755,316
WAKE_01-12,1886,127
WAKE_01-13,1659,81
WAKE_01-14,3770,287
WAKE_01-15,2972,145
WAKE_01-16,2942,239
WAKE_01-17,1154,102
WAKE_01-18,2645,265
WAKE_01-19,1829,182
WAKE_01-20,2607,187
WAKE_01-21,4369,435
WAKE_01-22,3812,482
WAKE_01-23,4810,2861
WAKE_01-25,1166,112
WAKE_01-26,2280,413
WAKE_01-27,2598,203
WAKE_01-28,4192,333
WAKE_01-29,2301,259
WAKE_01-30,1314,162
WAKE_01-31,3093,642
WAKE_01-32,2506,270
WAKE_01-33,1867,216
WAKE_01-34,1575,156
WAKE_01-35,2417,276
WAKE_01-36,2515,238
WAKE_01-37,1814,163
WAKE_01-38,2180,169
WAKE_01-39,2424,187
WAKE_01-40,4331,539
WAKE_01-41,1986,296
WAKE_01-42,2786,258
WAKE_01-43,2360,178
WAKE_01-44,3320,207
WAKE_01-45,1622,168
WAKE_01-46,2533,355
WAKE_01-47,2040,177
WAKE_01-48,2118,211
WAKE_01-49,3032,546
WAKE_01-50,2956,351
WAKE_01-51,1043,70
WAKE_02-01,3183,316
WAKE_02-02,6534,838
WAKE_02-03,2955,298
WAKE_02-04,2538,308
WAKE_02-05,1087,111
WAKE_02-06,2754,313
WAKE_03-01,5454,899
WAKE_03-02,3610,398
WAKE_04-01,2119,143
WAKE_04-02,2827,310
WAKE_04-03,1950,177
WAKE_04-04,1855,120
WAKE_04-05,3631,374
WAKE_04-06,3057,179
WAKE_04-07,2832,319
WAKE_04-08,2551,256
WAKE_04-09,2925,347
WAKE_04-10,2722,229
WAKE_04-11,1577,153
WAKE_04-12,2773,233
WAKE_04-13,4847,522
WAKE_04-14,1627,127
WAKE_04-15,2420,200
WAKE_04-16,2023,130
WAKE_04-17,1772,140
WAKE_04-18,2690,288
WAKE_04-19,1747,194
WAKE_04-20,2953,240
WAKE_04-21,1714,198
WAKE_05-01,3865,320
WAKE_05-03,4320,454
WAKE_05-05,7182,689
WAKE_05-06,5424,854
WAKE_05-08,5055,633
WAKE_05-09,4446,581
WAKE_05-10,3585,545
WAKE_06-04,4335,514
WAKE_06-05,3249,424
WAKE_06-06,6764,1037
WAKE_06-07,3660,476
WAKE_06-08,2371,278
WAKE_06-10,6354,829
WAKE_06-11,1430,153
WAKE_06-12,7900,1099
WAKE_07-01,1824,187
WAKE_07-02,1571,161
WAKE_07-03,1580,116
WAKE_07-04,3805,277
WAKE_07-05,1739,135
WAKE_07-06,3564,223
WAKE_07-07,4025,248
WAKE_07-09,3207,214
WAKE_07-10,4825,388
WAKE_07-11,1127,61
WAKE_07-12,2597,187
WAKE_07-13,2238,136
WAKE_08-02,4042,391
WAKE_08-03,6275,633
WAKE_08-04,1806,211
WAKE_08-05,2088,180
WAKE_08-06,1981,165
WAKE_08-07,2623,285
WAKE_08-08,4375,517
WAKE_08-09,1945,137
WAKE_08-10,2757,284
WAKE_08-11,4106,499
WAKE_09-01,2463,243
WAKE_09-02,4169,478
WAKE_09-03,6053,637
WAKE_10-01,1581,181
WAKE_10-02,4747,600
WAKE_10-03,3692,376
WAKE_10-05,4321,417
WAKE_10-06,7171,579
WAKE_11-01,5503,587
WAKE_11-02,4737,344
WAKE_12-02,6388,702
WAKE_12-04,6340,737
WAKE_12-06,7412,624
WAKE_12-07,3480,422
WAKE_12-08,5559,556
WAKE_12-09,6161,620
WAKE_12-10,5240,770
WAKE_12-11,3800,455
WAKE_12-12,3800,437
WAKE_12-13,3396,356
WAKE_13-02,1976,166
WAKE_13-05,2194,201
WAKE_13-06,2968,240
WAKE_13-07,2333,236
WAKE_13-08,3494,456
WAKE_13-09,4641,573
WAKE_13-10,6029,807
WAKE_13-11,3283,267
WAKE_13-12,2880,320
WAKE_13-13,3291,322
WAKE_14-01,884,82
WAKE_14-02,8410,1059
WAKE_15-01,4226,411
WAKE_15-02,6580,735
WAKE_15-03,5482,575
WAKE_15-04,2282,223
WAKE_16-01,3889,403
WAKE_16-02,5236,661
WAKE_16-03,1481,159
WAKE_16-04,2878,218
WAKE_16-05,2648,223
WAKE_16-06,1258,102
WAKE_16-07,3400,283
WAKE_16-09,5630,646
WAKE_16-10,5016,700
WAKE_16-11,5349,583
WAKE_17-01,2737,284
WAKE_17-02,2337,222
WAKE_17-03,6275,543
WAKE_17-05,3911,448
WAKE_17-06,2410,280
WAKE_17-07,3695,508
WAKE_17-09,3876,505
WAKE_17-10,1252,129
WAKE_17-11,4651,669
WAKE_17-12,3866,467
WAKE_17-13,5355,528
WAKE_17-15,2758,307
WAKE_17-16,2416,268
WAKE_17-17,2899,283
WAKE_18-01,4378,1184
WAKE_18-02,5104,644
WAKE_18-03,2283,181
WAKE_18-04,4910,486
WAKE_18-05,5298,500
WAKE_18-06,3984,418
WAKE_18-07,4113,435
WAKE_18-08,4249,403
WAKE_19-03,3609,409
WAKE_19-05,3666,468
WAKE_19-07,5878,604
WAKE_19-09,5889,708
WAKE_19-11,3724,383
WAKE_19-13,2252,251
WAKE_19-14,3164,395
WAKE_19-15,3027,357
WAKE_19-16,3000,301
WAKE_19-17,5457,709
WAKE_19-18,4825,631
WAKE_19-20,3940,553
WAKE_19-21,5610,738
WAKE_19-22,3523,455
WAKE_19-23,5402,673
WAKE_19-24,4728,711
WAKE_19-25,3107,362
WAKE_20-01,3937,534
WAKE_20-03,4569,419
WAKE_20-04,3571,505
WAKE_20-05,4288,380
WAKE_20-06A,5669,671
WAKE_20-06B,3647,513
WAKE_20-08,5057,660
WAKE_20-09,2811,368
WAKE_20-10,3253,458
WAKE_20-11,6702,836
WAKE_20-12,6887,921
WAKE_20-15,5435,816
WAKE_20-17,5559,1052
WAKE_20-18,3615,472
WAKE_20-19,5138,956
WAKE_20-20,4111,723
WARREN_001,1074,54
WARREN_002,818,38
WARREN_003,803,68
WARREN_004,688,50
WARREN_005,1018,72
WARREN_006,1014,88
WARREN_007,700,59
WARREN_008,965,74
WARREN_009,444,29
WARREN_010,1404,106
WARREN_011,280,25
WARREN_012,973,32
WARREN_013,511,49
WARREN_014,993,58
WASHINGTON_LM,1478,108
WASHINGTON_P1,1096,115
WASHINGTON_P2,848,87
WASHINGTON_P3,1990,192
WASHINGTON_SC,959,72
WASHINGTON_SK,760,60
WATAUGA_001,510,46
WATAUGA_002,983,100
WATAUGA_003,2484,156
WATAUGA_004,3395,339
WATAUGA_005,1359,511
WATAUGA_006,2500,2121
WATAUGA_007,3121,1050
WATAUGA_008,2089,195
WATAUGA_009,615,45
WATAUGA_010,954,95
WATAUGA_011,2175,244
WATAUGA_012,2756,2317
WATAUGA_013,2275,981
WATAUGA_014,3053,835
WATAUGA_015,3607,1026
WATAUGA_016,167,17
WATAUGA_017,588,50
WATAUGA_018,1721,168
WATAUGA_019,2830,246
WATAUGA_020,490,26
WAYNE_001,2061,182
WAYNE_002,3457,344
WAYNE_003,3238,357
WAYNE_004,4288,457
WAYNE_005,3425,327
WAYNE_006,2303,193
WAYNE_007,4019,383
WAYNE_008,2477,299
WAYNE_009,2313,242
WAYNE_010,1377,135
WAYNE_011,2105,161
WAYNE_012,2809,280
WAYNE_013,1616,180
WAYNE_014,3042,275
WAYNE_015,2828,399
WAYNE_016,1962,211
WAYNE_017,955,135
WAYNE_018,1058,100
WAYNE_021,1444,116
WAYNE_022,1451,148
WAYNE_023,1535,151
WAYNE_024,2395,242
WAYNE_026,1996,240
WAYNE_027,1302,149
WAYNE_028,2892,437
WAYNE_029,1406,121
WAYNE_1920,2268,211
WAYNE_2530,2789,283
WILKES_101,622,55
WILKES_102,1400,124
WILKES_103,493,40
WILKES_104,1538,170
WILKES_105,1085,115
WILKES_106,837,74
WILKES_107,2538,213
WILKES_108,1290,136
WILKES_109,773,67
WILKES_111,1750,150
WILKES_112,1859,139
WILKES_113A,1955,166
WILKES_114,661,48
WILKES_115A,3289,319
WILKES_117,1088,88
WILKES_118,2009,202
WILKES_119,3709,352
WILKES_120A,3586,355
WILKES_122,758,60
WILKES_123A,1997,164
WILKES_125,737,54
WILKES_126,765,57
WILKES_127,1913,148
WILKES_128,2332,216
WILKES_129,1800,158
WILSON_PRBL,2393,240
WILSON_PRCR,2012,222
WILSON_PRGA,1971,228
WILSON_PROL,3993,457
WILSON_PRSA,859,62
WILSON_PRSP,1950,212
WILSON_PRST,1221,121
WILSON_PRTA,5946,600
WILSON_PRTO,3280,327
WILSON_PRWA,784,108
WILSON_PRWB,894,106
WILSON_PRWC,1260,107
WILSON_PRWD,1523,118
WILSON_PRWE,1152,120
WILSON_PRWH,676,75
WILSON_PRWI,1456,145
WILSON_PRWJ,3344,279
WILSON_PRWK,1348,103
WILSON_PRWL,2067,178
WILSON_PRWM,3869,353
WILSON_PRWN,1867,180
WILSON_PRWP,1420,121
WILSON_PRWQ,503,49
WILSON_PRWR,1256,143
YADKIN_BNVL,2606,217
YADKIN_DCRK,1761,217
YADKIN_EBND,2058,183
YADKIN_FBSH,2944,247
YADKIN_NBCK,1325,118
YADKIN_NFAL,1038,83
YADKIN_NKNB,2556,225
YADKIN_NLIB,3414,298
YADKIN_SBCK,746,73
YADKIN_SFAL,1635,167
YADKIN_SKNB,1095,106
YADKIN_SLIB,1936,180
YANCEY_01 BUR,2757,199
YANCEY_02 CAN,1261,96
YANCEY_03 EGY,504,36
YANCEY_04 RAM,284,16
YANCEY_05 GRE,407,30
YANCEY_06 JAC,1328,122
YANCEY_07 BRU,407,28
YANCEY_08 CRA,2212,198
YANCEY_09 SOU,1738,114
YANCEY_10 PEN,500,33
YANCEY_11 PRI,1102,105
