county,age_band,vap,registered,voted_2024,reg_rate,turnout_rate,voted_of_vap,unreg,reg_not_voted
STATEWIDE,18-24,1015154,808481,512770,79.6,63.4,50.5,206673,295711
STATEWIDE,25-34,1438482,1326639,772166,92.2,58.2,53.7,111843,554473
STATEWIDE,35-44,1374188,1217897,844132,88.6,69.3,61.4,156291,373765
STATEWIDE,45-54,1351250,1123077,911014,83.1,81.1,67.4,228173,212063
STATEWIDE,55-64,1370847,1244375,1025237,90.8,82.4,74.8,126472,219138
STATEWIDE,65-74,1108123,1134363,920811,102.4,81.2,83.1,0,213552
STATEWIDE,75+,737440,919594,625014,124.7,68.0,84.8,0,294580
ALAMANCE,18-24,17970,13590,8906,75.6,65.5,49.6,4380,4684
ALAMANCE,25-34,22681,19774,11642,87.2,58.9,51.3,2907,8132
ALAMANCE,35-44,21510,18081,12951,84.1,71.6,60.2,3429,5130
ALAMANCE,45-54,22025,16593,13935,75.3,84.0,63.3,5432,2658
ALAMANCE,55-64,23145,19855,16725,85.8,84.2,72.3,3290,3130
ALAMANCE,65-74,17769,17535,14288,98.7,81.5,80.4,234,3247
ALAMANCE,75+,12584,14906,10615,118.5,71.2,84.4,0,4291
ALEXANDER,18-24,2488,2408,1715,96.8,71.2,68.9,80,693
ALEXANDER,25-34,4524,3638,2424,80.4,66.6,53.6,886,1214
ALEXANDER,35-44,4494,3450,2663,76.8,77.2,59.3,1044,787
ALEXANDER,45-54,4784,3732,3368,78.0,90.2,70.4,1052,364
ALEXANDER,55-64,5257,4725,4110,89.9,87.0,78.2,532,615
ALEXANDER,65-74,4355,4266,3581,98.0,83.9,82.2,89,685
ALEXANDER,75+,3366,3524,2509,104.7,71.2,74.5,0,1015
ALLEGHANY,18-24,643,594,408,92.4,68.7,63.5,49,186
ALLEGHANY,25-34,1147,968,586,84.4,60.5,51.1,179,382
ALLEGHANY,35-44,1035,831,622,80.3,74.8,60.1,204,209
ALLEGHANY,45-54,1331,1023,898,76.9,87.8,67.5,308,125
ALLEGHANY,55-64,1749,1477,1289,84.4,87.3,73.7,272,188
ALLEGHANY,65-74,2073,1749,1543,84.4,88.2,74.4,324,206
ALLEGHANY,75+,1360,1574,1080,115.7,68.6,79.4,0,494
ANSON,18-24,1716,1424,871,83.0,61.2,50.8,292,553
ANSON,25-34,3228,2488,1281,77.1,51.5,39.7,740,1207
ANSON,35-44,2778,2243,1321,80.7,58.9,47.6,535,922
ANSON,45-54,2729,2261,1657,82.9,73.3,60.7,468,604
ANSON,55-64,3017,2801,2215,92.8,79.1,73.4,216,586
ANSON,65-74,2555,2601,2038,101.8,78.4,79.8,0,563
ANSON,75+,1840,2165,1392,117.7,64.3,75.7,0,773
ASHE,18-24,1727,1579,984,91.4,62.3,57.0,148,595
ASHE,25-34,2746,2435,1661,88.7,68.2,60.5,311,774
ASHE,35-44,2948,2394,1887,81.2,78.8,64.0,554,507
ASHE,45-54,3317,2800,2334,84.4,83.4,70.4,517,466
ASHE,55-64,4324,3572,3252,82.6,91.0,75.2,752,320
ASHE,65-74,4284,4206,3510,98.2,83.5,81.9,78,696
ASHE,75+,3061,3738,2532,122.1,67.7,82.7,0,1206
AVERY,18-24,1594,969,625,60.8,64.5,39.2,625,344
AVERY,25-34,2116,1541,947,72.8,61.5,44.8,575,594
AVERY,35-44,2156,1443,1110,66.9,76.9,51.5,713,333
AVERY,45-54,2487,1664,1422,66.9,85.5,57.2,823,242
AVERY,55-64,2593,2093,1804,80.7,86.2,69.6,500,289
AVERY,65-74,2464,2464,2014,100.0,81.7,81.7,0,450
AVERY,75+,1716,2297,1429,133.9,62.2,83.3,0,868
BEAUFORT,18-24,3216,3008,1836,93.5,61.0,57.1,208,1172
BEAUFORT,25-34,4336,4045,2441,93.3,60.3,56.3,291,1604
BEAUFORT,35-44,4885,3976,2818,81.4,70.9,57.7,909,1158
BEAUFORT,45-54,5309,4384,3774,82.6,86.1,71.1,925,610
BEAUFORT,55-64,6826,5759,5131,84.4,89.1,75.2,1067,628
BEAUFORT,65-74,6855,6749,5892,98.5,87.3,86.0,106,857
BEAUFORT,75+,4557,5971,4210,131.0,70.5,92.4,0,1761
BERTIE,18-24,1307,1074,524,82.2,48.8,40.1,233,550
BERTIE,25-34,1909,1614,834,84.5,51.7,43.7,295,780
BERTIE,35-44,2243,1575,1009,70.2,64.1,45.0,668,566
BERTIE,45-54,2020,1654,1290,81.9,78.0,63.9,366,364
BERTIE,55-64,2563,2176,1923,84.9,88.4,75.0,387,253
BERTIE,65-74,2588,2585,2143,99.9,82.9,82.8,3,442
BERTIE,75+,1752,1987,1310,113.4,65.9,74.8,0,677
BLADEN,18-24,2194,2282,1295,104.0,56.7,59.0,0,987
BLADEN,25-34,3158,3184,1738,100.8,54.6,55.0,0,1446
BLADEN,35-44,3414,3001,2038,87.9,67.9,59.7,413,963
BLADEN,45-54,3569,3328,2602,93.2,78.2,72.9,241,726
BLADEN,55-64,4219,3796,3203,90.0,84.4,75.9,423,593
BLADEN,65-74,4165,4015,3424,96.4,85.3,82.2,150,591
BLADEN,75+,2774,3279,2192,118.2,66.8,79.0,0,1087
BRUNSWICK,18-24,7996,8556,5090,107.0,59.5,63.7,0,3466
BRUNSWICK,25-34,13893,15409,8774,110.9,56.9,63.2,0,6635
BRUNSWICK,35-44,14603,14466,9693,99.1,67.0,66.4,137,4773
BRUNSWICK,45-54,15434,14891,12001,96.5,80.6,77.8,543,2890
BRUNSWICK,55-64,27640,25828,22786,93.4,88.2,82.4,1812,3042
BRUNSWICK,65-74,33767,37634,31840,111.5,84.6,94.3,0,5794
BRUNSWICK,75+,17845,30381,19659,170.2,64.7,110.2,0,10722
BUNCOMBE,18-24,20483,16657,10801,81.3,64.8,52.7,3826,5856
BUNCOMBE,25-34,37318,34789,21529,93.2,61.9,57.7,2529,13260
BUNCOMBE,35-44,38705,38376,26437,99.1,68.9,68.3,329,11939
BUNCOMBE,45-54,34892,32011,24585,91.7,76.8,70.5,2881,7426
BUNCOMBE,55-64,35746,31173,25323,87.2,81.2,70.8,4573,5850
BUNCOMBE,65-74,34323,33052,27818,96.3,84.2,81.0,1271,5234
BUNCOMBE,75+,23968,30248,20409,126.2,67.5,85.2,0,9839
BURKE,18-24,6626,5520,3349,83.3,60.7,50.5,1106,2171
BURKE,25-34,10814,8623,5474,79.7,63.5,50.6,2191,3149
BURKE,35-44,10317,8289,5657,80.3,68.2,54.8,2028,2632
BURKE,45-54,11263,8321,6937,73.9,83.4,61.6,2942,1384
BURKE,55-64,13473,10824,9236,80.3,85.3,68.6,2649,1588
BURKE,65-74,10911,10156,8357,93.1,82.3,76.6,755,1799
BURKE,75+,8098,8784,6058,108.5,69.0,74.8,0,2726
CABARRUS,18-24,19402,18564,11454,95.7,61.7,59.0,838,7110
CABARRUS,25-34,29804,26811,16072,90.0,59.9,53.9,2993,10739
CABARRUS,35-44,34689,27455,20272,79.1,73.8,58.4,7234,7183
CABARRUS,45-54,32962,27570,22924,83.6,83.1,69.5,5392,4646
CABARRUS,55-64,27805,26724,21275,96.1,79.6,76.5,1081,5449
CABARRUS,65-74,19300,19694,15686,102.0,79.6,81.3,0,4008
CABARRUS,75+,12738,15324,10514,120.3,68.6,82.5,0,4810
CALDWELL,18-24,6059,4963,3395,81.9,68.4,56.0,1096,1568
CALDWELL,25-34,9270,7990,5138,86.2,64.3,55.4,1280,2852
CALDWELL,35-44,8626,7473,5303,86.6,71.0,61.5,1153,2170
CALDWELL,45-54,11477,7836,6833,68.3,87.2,59.5,3641,1003
CALDWELL,55-64,11944,10488,8930,87.8,85.1,74.8,1456,1558
CALDWELL,65-74,10420,9472,7821,90.9,82.6,75.1,948,1651
CALDWELL,75+,6859,7753,5362,113.0,69.2,78.2,0,2391
CAMDEN,18-24,845,880,481,104.1,54.7,56.9,0,399
CAMDEN,25-34,1217,1207,762,99.2,63.1,62.6,10,445
CAMDEN,35-44,1506,1443,1040,95.8,72.1,69.1,63,403
CAMDEN,45-54,1401,1388,1052,99.1,75.8,75.1,13,336
CAMDEN,55-64,1672,1504,1248,90.0,83.0,74.6,168,256
CAMDEN,65-74,1066,1268,1006,118.9,79.3,94.4,0,262
CAMDEN,75+,755,923,630,122.3,68.3,83.4,0,293
CARTERET,18-24,4243,4532,2706,106.8,59.7,63.8,0,1826
CARTERET,25-34,6480,6336,3883,97.8,61.3,59.9,144,2453
CARTERET,35-44,8038,7101,5461,88.3,76.9,67.9,937,1640
CARTERET,45-54,8330,7514,6527,90.2,86.9,78.4,816,987
CARTERET,55-64,11741,10471,9590,89.2,91.6,81.7,1270,881
CARTERET,65-74,11355,12168,10360,107.2,85.1,91.2,0,1808
CARTERET,75+,7310,9472,6647,129.6,70.2,90.9,0,2825
CASWELL,18-24,1777,1196,876,67.3,73.2,49.3,581,320
CASWELL,25-34,2427,2112,1325,87.0,62.7,54.6,315,787
CASWELL,35-44,2593,1971,1365,76.0,69.3,52.6,622,606
CASWELL,45-54,2914,2075,1832,71.2,88.3,62.9,839,243
CASWELL,55-64,3415,2877,2489,84.2,86.5,72.9,538,388
CASWELL,65-74,3130,2974,2462,95.0,82.8,78.7,156,512
CASWELL,75+,2038,2420,1598,118.7,66.0,78.4,0,822
CATAWBA,18-24,13806,12278,7422,88.9,60.4,53.8,1528,4856
CATAWBA,25-34,19980,18660,10929,93.4,58.6,54.7,1320,7731
CATAWBA,35-44,18994,16536,11376,87.1,68.8,59.9,2458,5160
CATAWBA,45-54,21707,16652,14080,76.7,84.6,64.9,5055,2572
CATAWBA,55-64,23081,20622,17165,89.3,83.2,74.4,2459,3457
CATAWBA,65-74,18000,18468,15044,102.6,81.5,83.6,0,3424
CATAWBA,75+,12611,15198,10606,120.5,69.8,84.1,0,4592
CHATHAM,18-24,5288,5338,3840,100.9,71.9,72.6,0,1498
CHATHAM,25-34,7264,7249,4712,99.8,65.0,64.9,15,2537
CHATHAM,35-44,9513,8111,6620,85.3,81.6,69.6,1402,1491
CHATHAM,45-54,10363,8673,7833,83.7,90.3,75.6,1690,840
CHATHAM,55-64,12016,10894,9774,90.7,89.7,81.3,1122,1120
CHATHAM,65-74,11239,11635,10330,103.5,88.8,91.9,0,1305
CHATHAM,75+,8952,12286,8837,137.2,71.9,98.7,0,3449
CHEROKEE,18-24,1691,1668,1005,98.6,60.3,59.4,23,663
CHEROKEE,25-34,2561,2658,1487,103.8,55.9,58.1,0,1171
CHEROKEE,35-44,2838,2540,1697,89.5,66.8,59.8,298,843
CHEROKEE,45-54,3520,2973,2376,84.5,79.9,67.5,547,597
CHEROKEE,55-64,4933,4389,3603,89.0,82.1,73.0,544,786
CHEROKEE,65-74,5586,5657,4393,101.3,77.7,78.6,0,1264
CHEROKEE,75+,3717,4954,2961,133.3,59.8,79.7,0,1993
CHOWAN,18-24,747,875,423,117.1,48.3,56.6,0,452
CHOWAN,25-34,1514,1231,710,81.3,57.7,46.9,283,521
CHOWAN,35-44,1508,1231,836,81.6,67.9,55.4,277,395
CHOWAN,45-54,1705,1292,1011,75.8,78.3,59.3,413,281
CHOWAN,55-64,2104,1694,1447,80.5,85.4,68.8,410,247
CHOWAN,65-74,2352,2102,1732,89.4,82.4,73.6,250,370
CHOWAN,75+,1254,1775,1203,141.5,67.8,95.9,0,572
CLAY,18-24,718,674,434,93.9,64.4,60.4,44,240
CLAY,25-34,797,951,539,119.3,56.7,67.6,0,412
CLAY,35-44,1114,1034,750,92.8,72.5,67.3,80,284
CLAY,45-54,1307,1141,936,87.3,82.0,71.6,166,205
CLAY,55-64,2003,1742,1468,87.0,84.3,73.3,261,274
CLAY,65-74,2265,2444,2055,107.9,84.1,90.7,0,389
CLAY,75+,1541,2213,1410,143.6,63.7,91.5,0,803
CLEVELAND,18-24,8762,6469,3966,73.8,61.3,45.3,2293,2503
CLEVELAND,25-34,12952,10589,6439,81.8,60.8,49.7,2363,4150
CLEVELAND,35-44,10957,9969,6694,91.0,67.1,61.1,988,3275
CLEVELAND,45-54,12667,9991,8212,78.9,82.2,64.8,2676,1779
CLEVELAND,55-64,14129,12444,10395,88.1,83.5,73.6,1685,2049
CLEVELAND,65-74,11461,10982,8920,95.8,81.2,77.8,479,2062
CLEVELAND,75+,7535,9058,6293,120.2,69.5,83.5,0,2765
COLUMBUS,18-24,4257,3615,2086,84.9,57.7,49.0,642,1529
COLUMBUS,25-34,6248,5557,3031,88.9,54.5,48.5,691,2526
COLUMBUS,35-44,5700,5057,3266,88.7,64.6,57.3,643,1791
COLUMBUS,45-54,6230,5282,4094,84.8,77.5,65.7,948,1188
COLUMBUS,55-64,6955,6415,5142,92.2,80.2,73.9,540,1273
COLUMBUS,65-74,6009,6042,4857,100.5,80.4,80.8,0,1185
COLUMBUS,75+,4355,5281,3525,121.3,66.7,80.9,0,1756
CRAVEN,18-24,11169,7356,3896,65.9,53.0,34.9,3813,3460
CRAVEN,25-34,13505,11733,6284,86.9,53.6,46.5,1772,5449
CRAVEN,35-44,11383,10748,7213,94.4,67.1,63.4,635,3535
CRAVEN,45-54,10474,9780,7737,93.4,79.1,73.9,694,2043
CRAVEN,55-64,12816,11888,10317,92.8,86.8,80.5,928,1571
CRAVEN,65-74,12455,13877,11474,111.4,82.7,92.1,0,2403
CRAVEN,75+,8991,11744,8192,130.6,69.8,91.1,0,3552
CUMBERLAND,18-24,42741,25166,11929,58.9,47.4,27.9,17575,13237
CUMBERLAND,25-34,56309,44406,18583,78.9,41.8,33.0,11903,25823
CUMBERLAND,35-44,42186,38861,22181,92.1,57.1,52.6,3325,16680
CUMBERLAND,45-54,33643,31891,22251,94.8,69.8,66.1,1752,9640
CUMBERLAND,55-64,34537,33362,26557,96.6,79.6,76.9,1175,6805
CUMBERLAND,65-74,26648,29707,22669,111.5,76.3,85.1,0,7038
CUMBERLAND,75+,17368,20137,13206,115.9,65.6,76.0,0,6931
CURRITUCK,18-24,1929,2158,1146,111.9,53.1,59.4,0,1012
CURRITUCK,25-34,3383,3095,1905,91.5,61.6,56.3,288,1190
CURRITUCK,35-44,4356,4029,2872,92.5,71.3,65.9,327,1157
CURRITUCK,45-54,3940,3716,2943,94.3,79.2,74.7,224,773
CURRITUCK,55-64,4800,4519,3830,94.1,84.8,79.8,281,689
CURRITUCK,65-74,3576,4440,3347,124.2,75.4,93.6,0,1093
CURRITUCK,75+,1913,2754,1690,144.0,61.4,88.3,0,1064
DARE,18-24,2224,2587,1505,116.3,58.2,67.7,0,1082
DARE,25-34,3437,3497,2187,101.7,62.5,63.6,0,1310
DARE,35-44,4543,4183,3165,92.1,75.7,69.7,360,1018
DARE,45-54,4991,4553,3752,91.2,82.4,75.2,438,801
DARE,55-64,6346,6096,5267,96.1,86.4,83.0,250,829
DARE,65-74,6280,6898,5685,109.8,82.4,90.5,0,1213
DARE,75+,3283,4900,3172,149.3,64.7,96.6,0,1728
DAVIDSON,18-24,13174,12083,7703,91.7,63.8,58.5,1091,4380
DAVIDSON,25-34,20963,18301,11555,87.3,63.1,55.1,2662,6746
DAVIDSON,35-44,20372,17660,12860,86.7,72.8,63.1,2712,4800
DAVIDSON,45-54,23112,17672,15165,76.5,85.8,65.6,5440,2507
DAVIDSON,55-64,24855,22093,18590,88.9,84.1,74.8,2762,3503
DAVIDSON,65-74,19459,19439,15936,99.9,82.0,81.9,20,3503
DAVIDSON,75+,13436,15444,10753,114.9,69.6,80.0,0,4691
DAVIE,18-24,3373,3077,2059,91.2,66.9,61.0,296,1018
DAVIE,25-34,4315,4657,3098,107.9,66.5,71.8,0,1559
DAVIE,35-44,5205,4519,3437,86.8,76.1,66.0,686,1082
DAVIE,45-54,5777,4693,4308,81.2,91.8,74.6,1084,385
DAVIE,55-64,6517,6094,5237,93.5,85.9,80.4,423,857
DAVIE,65-74,5518,5619,4839,101.8,86.1,87.7,0,780
DAVIE,75+,4255,5040,3608,118.4,71.6,84.8,0,1432
DUPLIN,18-24,4211,3766,1911,89.4,50.7,45.4,445,1855
DUPLIN,25-34,5591,4984,2606,89.1,52.3,46.6,607,2378
DUPLIN,35-44,5499,4402,2899,80.1,65.9,52.7,1097,1503
DUPLIN,45-54,5952,4255,3373,71.5,79.3,56.7,1697,882
DUPLIN,55-64,6559,5206,4343,79.4,83.4,66.2,1353,863
DUPLIN,65-74,5749,5298,4303,92.2,81.2,74.8,451,995
DUPLIN,75+,4066,4443,3058,109.3,68.8,75.2,0,1385
DURHAM,18-24,33331,26614,19723,79.8,74.1,59.2,6717,6891
DURHAM,25-34,60229,58865,36222,97.7,61.5,60.1,1364,22643
DURHAM,35-44,47934,46435,31234,96.9,67.3,65.2,1499,15201
DURHAM,45-54,39129,31344,24958,80.1,79.6,63.8,7785,6386
DURHAM,55-64,36963,30425,25004,82.3,82.2,67.6,6538,5421
DURHAM,65-74,29903,28911,24101,96.7,83.4,80.6,992,4810
DURHAM,75+,18261,24089,16569,131.9,68.8,90.7,0,7520
EDGECOMBE,18-24,3722,3426,1717,92.0,50.1,46.1,296,1709
EDGECOMBE,25-34,6101,5528,2552,90.6,46.2,41.8,573,2976
EDGECOMBE,35-44,5342,5319,3033,99.6,57.0,56.8,23,2286
EDGECOMBE,45-54,5346,4916,3612,92.0,73.5,67.6,430,1304
EDGECOMBE,55-64,6893,5862,4729,85.0,80.7,68.6,1031,1133
EDGECOMBE,65-74,6186,6171,5011,99.8,81.2,81.0,15,1160
EDGECOMBE,75+,4008,4624,3144,115.4,68.0,78.4,0,1480
FORSYTH,18-24,38676,31212,20633,80.7,66.1,53.3,7464,10579
FORSYTH,25-34,51420,47909,28397,93.2,59.3,55.2,3511,19512
FORSYTH,35-44,47805,42184,29282,88.2,69.4,61.3,5621,12902
FORSYTH,45-54,47628,36881,30464,77.4,82.6,64.0,10747,6417
FORSYTH,55-64,49756,42535,35860,85.5,84.3,72.1,7221,6675
FORSYTH,65-74,39536,39528,32956,100.0,83.4,83.4,8,6572
FORSYTH,75+,26504,33339,23086,125.8,69.2,87.1,0,10253
FRANKLIN,18-24,6124,5470,3371,89.3,61.6,55.0,654,2099
FRANKLIN,25-34,9091,8612,5705,94.7,66.2,62.8,479,2907
FRANKLIN,35-44,9430,9022,6660,95.7,73.8,70.6,408,2362
FRANKLIN,45-54,9912,8369,7074,84.4,84.5,71.4,1543,1295
FRANKLIN,55-64,10638,9952,8523,93.6,85.6,80.1,686,1429
FRANKLIN,65-74,7970,8943,7136,112.2,79.8,89.5,0,1807
FRANKLIN,75+,5012,6317,4169,126.0,66.0,83.2,0,2148
GASTON,18-24,18659,14838,9152,79.5,61.7,49.0,3821,5686
GASTON,25-34,32097,26919,16719,83.9,62.1,52.1,5178,10200
GASTON,35-44,29942,27573,18576,92.1,67.4,62.0,2369,8997
GASTON,45-54,31480,24921,20256,79.2,81.3,64.3,6559,4665
GASTON,55-64,31097,28238,22699,90.8,80.4,73.0,2859,5539
GASTON,65-74,23260,23362,18436,100.4,78.9,79.3,0,4926
GASTON,75+,15481,17878,11996,115.5,67.1,77.5,0,5882
GATES,18-24,795,708,376,89.1,53.1,47.3,87,332
GATES,25-34,997,1151,624,115.4,54.2,62.6,0,527
GATES,35-44,1192,1221,806,102.4,66.0,67.6,0,415
GATES,45-54,1335,1043,862,78.1,82.6,64.6,292,181
GATES,55-64,1760,1560,1280,88.6,82.1,72.7,200,280
GATES,65-74,1397,1452,1092,103.9,75.2,78.2,0,360
GATES,75+,989,1132,737,114.5,65.1,74.5,0,395
GRAHAM,18-24,515,574,402,111.5,70.0,78.1,0,172
GRAHAM,25-34,1028,773,531,75.2,68.7,51.7,255,242
GRAHAM,35-44,866,795,568,91.8,71.4,65.6,71,227
GRAHAM,45-54,934,826,691,88.4,83.7,74.0,108,135
GRAHAM,55-64,1103,1101,958,99.8,87.0,86.9,2,143
GRAHAM,65-74,1147,1134,910,98.9,80.2,79.3,13,224
GRAHAM,75+,910,1040,689,114.3,66.2,75.7,0,351
GRANVILLE,18-24,4768,3853,2494,80.8,64.7,52.3,915,1359
GRANVILLE,25-34,7537,6043,3828,80.2,63.3,50.8,1494,2215
GRANVILLE,35-44,7534,6313,4467,83.8,70.8,59.3,1221,1846
GRANVILLE,45-54,8392,5966,5237,71.1,87.8,62.4,2426,729
GRANVILLE,55-64,9282,7814,6687,84.2,85.6,72.0,1468,1127
GRANVILLE,65-74,6543,6719,5464,102.7,81.3,83.5,0,1255
GRANVILLE,75+,4228,5074,3446,120.0,67.9,81.5,0,1628
GREENE,18-24,1921,1129,690,58.8,61.1,35.9,792,439
GREENE,25-34,2886,1681,1037,58.2,61.7,35.9,1205,644
GREENE,35-44,3048,1471,1010,48.3,68.7,33.1,1577,461
GREENE,45-54,2559,1522,1249,59.5,82.1,48.8,1037,273
GREENE,55-64,2684,1759,1557,65.5,88.5,58.0,925,202
GREENE,65-74,2197,1982,1705,90.2,86.0,77.6,215,277
GREENE,75+,1354,1456,1025,107.5,70.4,75.7,0,431
GUILFORD,18-24,64135,47776,31370,74.5,65.7,48.9,16359,16406
GUILFORD,25-34,73140,69261,37413,94.7,54.0,51.2,3879,31848
GUILFORD,35-44,68190,60496,41637,88.7,68.8,61.1,7694,18859
GUILFORD,45-54,67639,55655,44791,82.3,80.5,66.2,11984,10864
GUILFORD,55-64,67057,61248,49972,91.3,81.6,74.5,5809,11276
GUILFORD,65-74,51724,53120,43152,102.7,81.2,83.4,0,9968
GUILFORD,75+,35455,44710,30901,126.1,69.1,87.2,0,13809
HALIFAX,18-24,3495,3036,1601,86.9,52.7,45.8,459,1435
HALIFAX,25-34,5703,4770,2394,83.6,50.2,42.0,933,2376
HALIFAX,35-44,5317,4831,2927,90.9,60.6,55.0,486,1904
HALIFAX,45-54,5389,4693,3498,87.1,74.5,64.9,696,1195
HALIFAX,55-64,7170,5883,4871,82.1,82.8,67.9,1287,1012
HALIFAX,65-74,6281,6242,4909,99.4,78.6,78.2,39,1333
HALIFAX,75+,4234,5137,3224,121.3,62.8,76.1,0,1913
HARNETT,18-24,11644,9764,5514,83.9,56.5,47.4,1880,4250
HARNETT,25-34,21016,17610,9750,83.8,55.4,46.4,3406,7860
HARNETT,35-44,19925,17265,10791,86.6,62.5,54.2,2660,6474
HARNETT,45-54,16532,14665,10803,88.7,73.7,65.3,1867,3862
HARNETT,55-64,15636,15102,11947,96.6,79.1,76.4,534,3155
HARNETT,65-74,11533,12407,9473,107.6,76.4,82.1,0,2934
HARNETT,75+,7555,8734,5716,115.6,65.4,75.7,0,3018
HAYWOOD,18-24,4069,3418,2393,84.0,70.0,58.8,651,1025
HAYWOOD,25-34,7430,6433,4421,86.6,68.7,59.5,997,2012
HAYWOOD,35-44,6915,6816,5005,98.6,73.4,72.4,99,1811
HAYWOOD,45-54,7740,6254,5202,80.8,83.2,67.2,1486,1052
HAYWOOD,55-64,9388,8269,7055,88.1,85.3,75.1,1119,1214
HAYWOOD,65-74,9195,8904,7556,96.8,84.9,82.2,291,1348
HAYWOOD,75+,6915,8119,5520,117.4,68.0,79.8,0,2599
HENDERSON,18-24,7520,7061,4193,93.9,59.4,55.8,459,2868
HENDERSON,25-34,12392,11054,7012,89.2,63.4,56.6,1338,4042
HENDERSON,35-44,13644,12360,8892,90.6,71.9,65.2,1284,3468
HENDERSON,45-54,14537,11526,9425,79.3,81.8,64.8,3011,2101
HENDERSON,55-64,16904,14589,12356,86.3,84.7,73.1,2315,2233
HENDERSON,65-74,17803,17205,14649,96.6,85.1,82.3,598,2556
HENDERSON,75+,13591,18221,12410,134.1,68.1,91.3,0,5811
HERTFORD,18-24,2198,1118,605,50.9,54.1,27.5,1080,513
HERTFORD,25-34,2198,1782,899,81.1,50.4,40.9,416,883
HERTFORD,35-44,2247,1849,1223,82.3,66.1,54.4,398,626
HERTFORD,45-54,2031,1874,1422,92.3,75.9,70.0,157,452
HERTFORD,55-64,2802,2197,1934,78.4,88.0,69.0,605,263
HERTFORD,65-74,2634,2658,2183,100.9,82.1,82.9,0,475
HERTFORD,75+,1868,2115,1383,113.2,65.4,74.0,0,732
HOKE,18-24,4309,4010,1774,93.1,44.2,41.2,299,2236
HOKE,25-34,8983,6962,3313,77.5,47.6,36.9,2021,3649
HOKE,35-44,7715,7096,3957,92.0,55.8,51.3,619,3139
HOKE,45-54,6184,5786,4160,93.6,71.9,67.3,398,1626
HOKE,55-64,5967,5682,4317,95.2,76.0,72.3,285,1365
HOKE,65-74,4225,4705,3440,111.4,73.1,81.4,0,1265
HOKE,75+,2083,2645,1615,127.0,61.1,77.5,0,1030
HYDE,18-24,136,249,151,183.1,60.6,111.0,0,98
HYDE,25-34,429,303,191,70.6,63.0,44.5,126,112
HYDE,35-44,663,326,258,49.2,79.1,38.9,337,68
HYDE,45-54,856,390,332,45.6,85.1,38.8,466,58
HYDE,55-64,780,554,492,71.0,88.8,63.1,226,62
HYDE,65-74,655,694,592,106.0,85.3,90.4,0,102
HYDE,75+,247,520,357,210.5,68.7,144.5,0,163
IREDELL,18-24,15511,15643,9814,100.9,62.7,63.3,0,5829
IREDELL,25-34,24144,23385,14322,96.9,61.2,59.3,759,9063
IREDELL,35-44,25186,22884,16386,90.9,71.6,65.1,2302,6498
IREDELL,45-54,27525,23040,19507,83.7,84.7,70.9,4485,3533
IREDELL,55-64,27490,27050,21800,98.4,80.6,79.3,440,5250
IREDELL,65-74,19935,21266,16905,106.7,79.5,84.8,0,4361
IREDELL,75+,13004,16088,11012,123.7,68.4,84.7,0,5076
JACKSON,18-24,8334,4517,3418,54.2,75.7,41.0,3817,1099
JACKSON,25-34,4656,5165,2404,110.9,46.5,51.6,0,2761
JACKSON,35-44,4736,3839,2644,81.1,68.9,55.8,897,1195
JACKSON,45-54,4523,3754,2888,83.0,76.9,63.9,769,866
JACKSON,55-64,5432,4376,3609,80.6,82.5,66.4,1056,767
JACKSON,65-74,5278,4777,3800,90.5,79.5,72.0,501,977
JACKSON,75+,3536,4323,2746,122.3,63.5,77.7,0,1577
JOHNSTON,18-24,18935,18636,11253,98.4,60.4,59.4,299,7383
JOHNSTON,25-34,29925,28128,17982,94.0,63.9,60.1,1797,10146
JOHNSTON,35-44,32586,29152,21231,89.5,72.8,65.2,3434,7921
JOHNSTON,45-54,33037,27519,22852,83.3,83.0,69.2,5518,4667
JOHNSTON,55-64,29251,28655,23155,98.0,80.8,79.2,596,5500
JOHNSTON,65-74,20289,22148,17448,109.2,78.8,86.0,0,4700
JOHNSTON,75+,11838,15788,10356,133.4,65.6,87.5,0,5432
JONES,18-24,574,586,347,102.1,59.2,60.5,0,239
JONES,25-34,1110,907,541,81.7,59.6,48.7,203,366
JONES,35-44,979,961,720,98.2,74.9,73.5,18,241
JONES,45-54,1155,943,759,81.6,80.5,65.7,212,184
JONES,55-64,1512,1233,1121,81.5,90.9,74.1,279,112
JONES,65-74,1374,1407,1152,102.4,81.9,83.8,0,255
JONES,75+,874,997,703,114.1,70.5,80.4,0,294
LEE,18-24,5463,4347,2466,79.6,56.7,45.1,1116,1881
LEE,25-34,8415,6968,4149,82.8,59.5,49.3,1447,2819
LEE,35-44,8192,6302,4340,76.9,68.9,53.0,1890,1962
LEE,45-54,8192,5715,4514,69.8,79.0,55.1,2477,1201
LEE,55-64,8684,6792,5646,78.2,83.1,65.0,1892,1146
LEE,65-74,6798,6305,5063,92.7,80.3,74.5,493,1242
LEE,75+,4485,5102,3503,113.8,68.7,78.1,0,1599
LENOIR,18-24,4337,3953,2002,91.1,50.6,46.2,384,1951
LENOIR,25-34,6235,5613,3034,90.0,54.1,48.7,622,2579
LENOIR,35-44,6166,5258,3400,85.3,64.7,55.1,908,1858
LENOIR,45-54,6251,5100,3959,81.6,77.6,63.3,1151,1141
LENOIR,55-64,7738,6183,5344,79.9,86.4,69.1,1555,839
LENOIR,65-74,6867,6556,5449,95.5,83.1,79.4,311,1107
LENOIR,75+,4907,5283,3698,107.7,70.0,75.4,0,1585
LINCOLN,18-24,6747,6242,4167,92.5,66.8,61.8,505,2075
LINCOLN,25-34,10292,9485,6268,92.2,66.1,60.9,807,3217
LINCOLN,35-44,11264,10279,7839,91.3,76.3,69.6,985,2440
LINCOLN,45-54,13164,10420,9302,79.2,89.3,70.7,2744,1118
LINCOLN,55-64,14056,13178,11196,93.8,85.0,79.7,878,1982
LINCOLN,65-74,10994,11801,9583,107.3,81.2,87.2,0,2218
LINCOLN,75+,7068,9030,6255,127.8,69.3,88.5,0,2775
MACON,18-24,2485,2201,1349,88.6,61.3,54.3,284,852
MACON,25-34,3835,3363,2007,87.7,59.7,52.3,472,1356
MACON,35-44,4175,3438,2473,82.3,71.9,59.2,737,965
MACON,45-54,3958,3434,2736,86.8,79.7,69.1,524,698
MACON,55-64,5680,4843,4009,85.3,82.8,70.6,837,834
MACON,65-74,6288,6083,4966,96.7,81.6,79.0,205,1117
MACON,75+,4783,6154,4002,128.7,65.0,83.7,0,2152
MADISON,18-24,2150,1484,1035,69.0,69.7,48.1,666,449
MADISON,25-34,2674,2445,1612,91.4,65.9,60.3,229,833
MADISON,35-44,2481,2688,2036,108.3,75.7,82.1,0,652
MADISON,45-54,2636,2571,2146,97.5,83.5,81.4,65,425
MADISON,55-64,3097,2954,2494,95.4,84.4,80.5,143,460
MADISON,65-74,3049,2955,2480,96.9,83.9,81.3,94,475
MADISON,75+,2040,2605,1726,127.7,66.3,84.6,0,879
MARTIN,18-24,1433,1582,846,110.4,53.5,59.0,0,736
MARTIN,25-34,2244,2217,1234,98.8,55.7,55.0,27,983
MARTIN,35-44,2467,2154,1389,87.3,64.5,56.3,313,765
MARTIN,45-54,2445,2166,1708,88.6,78.9,69.9,279,458
MARTIN,55-64,3124,2720,2278,87.1,83.8,72.9,404,442
MARTIN,65-74,3309,3013,2554,91.1,84.8,77.2,296,459
MARTIN,75+,2223,2559,1789,115.1,69.9,80.5,0,770
MCDOWELL,18-24,3213,2733,1687,85.1,61.7,52.5,480,1046
MCDOWELL,25-34,5417,4273,2738,78.9,64.1,50.5,1144,1535
MCDOWELL,35-44,5530,4257,3034,77.0,71.3,54.9,1273,1223
MCDOWELL,45-54,5885,4522,3711,76.8,82.1,63.1,1363,811
MCDOWELL,55-64,6701,5497,4658,82.0,84.7,69.5,1204,839
MCDOWELL,65-74,5640,5480,4525,97.2,82.6,80.2,160,955
MCDOWELL,75+,3772,4349,2888,115.3,66.4,76.6,0,1461
MECKLENBURG,18-24,105977,86809,56215,81.9,64.8,53.0,19168,30594
MECKLENBURG,25-34,198762,185826,108238,93.5,58.2,54.5,12936,77588
MECKLENBURG,35-44,170809,156633,101459,91.7,64.8,59.4,14176,55174
MECKLENBURG,45-54,150160,125960,96973,83.9,77.0,64.6,24200,28987
MECKLENBURG,55-64,127478,120673,91183,94.7,75.6,71.5,6805,29490
MECKLENBURG,65-74,84902,89404,67749,105.3,75.8,79.8,0,21655
MECKLENBURG,75+,53029,68586,44963,129.3,65.6,84.8,0,23623
MITCHELL,18-24,1139,873,572,76.6,65.5,50.2,266,301
MITCHELL,25-34,1690,1334,915,78.9,68.6,54.1,356,419
MITCHELL,35-44,1534,1470,1064,95.8,72.4,69.4,64,406
MITCHELL,45-54,1827,1472,1302,80.6,88.5,71.3,355,170
MITCHELL,55-64,2263,2015,1770,89.0,87.8,78.2,248,245
MITCHELL,65-74,2192,2136,1819,97.4,85.2,83.0,56,317
MITCHELL,75+,1658,1917,1260,115.6,65.7,76.0,0,657
MONTGOMERY,18-24,1774,1684,1011,94.9,60.0,57.0,90,673
MONTGOMERY,25-34,3448,2354,1347,68.3,57.2,39.1,1094,1007
MONTGOMERY,35-44,2963,1961,1404,66.2,71.6,47.4,1002,557
MONTGOMERY,45-54,3050,2268,1990,74.4,87.7,65.2,782,278
MONTGOMERY,55-64,3815,3149,2790,82.5,88.6,73.1,666,359
MONTGOMERY,65-74,3439,3309,2781,96.2,84.0,80.9,130,528
MONTGOMERY,75+,2382,2539,1747,106.6,68.8,73.3,0,792
MOORE,18-24,6299,6888,4062,109.4,59.0,64.5,0,2826
MOORE,25-34,11888,10321,6240,86.8,60.5,52.5,1567,4081
MOORE,35-44,13829,12636,8995,91.4,71.2,65.0,1193,3641
MOORE,45-54,11364,10595,8503,93.2,80.3,74.8,769,2092
MOORE,55-64,13359,12391,10822,92.8,87.3,81.0,968,1569
MOORE,65-74,13572,13979,11903,103.0,85.1,87.7,0,2076
MOORE,75+,11636,14275,10230,122.7,71.7,87.9,0,4045
NASH,18-24,7683,6941,4191,90.3,60.4,54.5,742,2750
NASH,25-34,11812,11017,6297,93.3,57.2,53.3,795,4720
NASH,35-44,11131,10310,6897,92.6,66.9,62.0,821,3413
NASH,45-54,12278,10181,8339,82.9,81.9,67.9,2097,1842
NASH,55-64,13455,12124,10267,90.1,84.7,76.3,1331,1857
NASH,65-74,11457,11465,9381,100.1,81.8,81.9,0,2084
NASH,75+,7182,9154,6380,127.5,69.7,88.8,0,2774
NEW HANOVER,18-24,28833,18909,13294,65.6,70.3,46.1,9924,5615
NEW HANOVER,25-34,30777,33177,18843,107.8,56.8,61.2,0,14334
NEW HANOVER,35-44,29527,28610,19715,96.9,68.9,66.8,917,8895
NEW HANOVER,45-54,28780,26347,21030,91.5,79.8,73.1,2433,5317
NEW HANOVER,55-64,30197,28405,23018,94.1,81.0,76.2,1792,5387
NEW HANOVER,65-74,26670,27317,22743,102.4,83.3,85.3,0,4574
NEW HANOVER,75+,18024,24862,17123,137.9,68.9,95.0,0,7739
NORTHAMPTON,18-24,1088,900,464,82.7,51.6,42.6,188,436
NORTHAMPTON,25-34,1653,1498,775,90.6,51.7,46.9,155,723
NORTHAMPTON,35-44,1479,1543,938,104.3,60.8,63.4,0,605
NORTHAMPTON,45-54,1883,1488,1150,79.0,77.3,61.1,395,338
NORTHAMPTON,55-64,2808,2289,1959,81.5,85.6,69.8,519,330
NORTHAMPTON,65-74,2845,2776,2234,97.6,80.5,78.5,69,542
NORTHAMPTON,75+,2151,2240,1499,104.1,66.9,69.7,0,741
ONSLOW,18-24,42072,16272,7127,38.7,43.8,16.9,25800,9145
ONSLOW,25-34,35075,29162,12306,83.1,42.2,35.1,5913,16856
ONSLOW,35-44,24607,24241,13974,98.5,57.6,56.8,366,10267
ONSLOW,45-54,16424,18149,12617,110.5,69.5,76.8,0,5532
ONSLOW,55-64,17025,18503,14697,108.7,79.4,86.3,0,3806
ONSLOW,65-74,13170,17186,12844,130.5,74.7,97.5,0,4342
ONSLOW,75+,8019,10367,6632,129.3,64.0,82.7,0,3735
ORANGE,18-24,27010,16439,13504,60.9,82.1,50.0,10571,2935
ORANGE,25-34,17546,21582,11182,123.0,51.8,63.7,0,10400
ORANGE,35-44,17073,16007,12397,93.8,77.4,72.6,1066,3610
ORANGE,45-54,18231,15193,13268,83.3,87.3,72.8,3038,1925
ORANGE,55-64,17486,15818,13736,90.5,86.8,78.6,1668,2082
ORANGE,65-74,14848,14767,12919,99.5,87.5,87.0,81,1848
ORANGE,75+,9249,11963,8347,129.3,69.8,90.2,0,3616
PAMLICO,18-24,632,688,402,108.9,58.4,63.6,0,286
PAMLICO,25-34,1210,942,585,77.9,62.1,48.3,268,357
PAMLICO,35-44,1319,1084,795,82.2,73.3,60.3,235,289
PAMLICO,45-54,1457,1104,950,75.8,86.1,65.2,353,154
PAMLICO,55-64,2231,1842,1653,82.6,89.7,74.1,389,189
PAMLICO,65-74,2187,2455,2052,112.3,83.6,93.8,0,403
PAMLICO,75+,1599,2164,1435,135.3,66.3,89.7,0,729
PASQUOTANK,18-24,4009,3633,1803,90.6,49.6,45.0,376,1830
PASQUOTANK,25-34,5537,4943,2361,89.3,47.8,42.6,594,2582
PASQUOTANK,35-44,5261,4752,2816,90.3,59.3,53.5,509,1936
PASQUOTANK,45-54,4229,4186,2988,99.0,71.4,70.7,43,1198
PASQUOTANK,55-64,5408,4850,3826,89.7,78.9,70.7,558,1024
PASQUOTANK,65-74,4440,4816,3670,108.5,76.2,82.7,0,1146
PASQUOTANK,75+,3150,3778,2513,119.9,66.5,79.8,0,1265
PENDER,18-24,4496,5251,2990,116.8,56.9,66.5,0,2261
PENDER,25-34,7314,7477,4306,102.2,57.6,58.9,0,3171
PENDER,35-44,9150,8547,6249,93.4,73.1,68.3,603,2298
PENDER,45-54,8799,8705,6806,98.9,78.2,77.3,94,1899
PENDER,55-64,9332,9322,7581,99.9,81.3,81.2,10,1741
PENDER,65-74,7589,8543,6745,112.6,79.0,88.9,0,1798
PENDER,75+,4459,6281,4040,140.9,64.3,90.6,0,2241
PERQUIMANS,18-24,854,800,413,93.7,51.6,48.4,54,387
PERQUIMANS,25-34,1181,1168,662,98.9,56.7,56.1,13,506
PERQUIMANS,35-44,1305,1350,873,103.4,64.7,66.9,0,477
PERQUIMANS,45-54,1533,1287,1003,84.0,77.9,65.4,246,284
PERQUIMANS,55-64,2096,1848,1572,88.2,85.1,75.0,248,276
PERQUIMANS,65-74,2130,2263,1825,106.2,80.6,85.7,0,438
PERQUIMANS,75+,1704,1905,1243,111.8,65.2,72.9,0,662
PERSON,18-24,3294,2275,1588,69.1,69.8,48.2,1019,687
PERSON,25-34,4332,4003,2600,92.4,65.0,60.0,329,1403
PERSON,35-44,4221,3868,2789,91.6,72.1,66.1,353,1079
PERSON,45-54,5212,4070,3533,78.1,86.8,67.8,1142,537
PERSON,55-64,5906,5055,4340,85.6,85.9,73.5,851,715
PERSON,65-74,4955,5124,4230,103.4,82.6,85.4,0,894
PERSON,75+,3463,3895,2690,112.5,69.1,77.7,0,1205
PITT,18-24,32466,18350,11204,56.5,61.1,34.5,14116,7146
PITT,25-34,23692,24681,12241,104.2,49.6,51.7,0,12440
PITT,35-44,20175,19458,13000,96.4,66.8,64.4,717,6458
PITT,45-54,19248,17285,13644,89.8,78.9,70.9,1963,3641
PITT,55-64,18666,17556,14233,94.1,81.1,76.3,1110,3323
PITT,65-74,15780,16204,13253,102.7,81.8,84.0,0,2951
PITT,75+,9922,12451,8444,125.5,67.8,85.1,0,4007
POLK,18-24,1017,1165,762,114.6,65.4,74.9,0,403
POLK,25-34,1669,1886,1097,113.0,58.2,65.7,0,789
POLK,35-44,1957,1929,1384,98.6,71.7,70.7,28,545
POLK,45-54,2313,2094,1732,90.5,82.7,74.9,219,362
POLK,55-64,3401,2844,2541,83.6,89.3,74.7,557,303
POLK,65-74,3392,3583,2893,105.6,80.7,85.3,0,690
POLK,75+,3095,3772,2494,121.9,66.1,80.6,0,1278
RANDOLPH,18-24,11892,10343,6631,87.0,64.1,55.8,1549,3712
RANDOLPH,25-34,17922,15479,9579,86.4,61.9,53.4,2443,5900
RANDOLPH,35-44,16889,13853,10129,82.0,73.1,60.0,3036,3724
RANDOLPH,45-54,19570,13815,11923,70.6,86.3,60.9,5755,1892
RANDOLPH,55-64,20649,17450,14885,84.5,85.3,72.1,3199,2565
RANDOLPH,65-74,15781,15546,12800,98.5,82.3,81.1,235,2746
RANDOLPH,75+,11107,12711,8930,114.4,70.3,80.4,0,3781
RICHMOND,18-24,3517,3100,1452,88.1,46.8,41.3,417,1648
RICHMOND,25-34,5267,4136,2169,78.5,52.4,41.2,1131,1967
RICHMOND,35-44,5046,3884,2491,77.0,64.1,49.4,1162,1393
RICHMOND,45-54,5185,4220,3349,81.4,79.4,64.6,965,871
RICHMOND,55-64,5696,4922,3958,86.4,80.4,69.5,774,964
RICHMOND,65-74,4671,4546,3664,97.3,80.6,78.4,125,882
RICHMOND,75+,2995,3644,2392,121.7,65.6,79.9,0,1252
ROBESON,18-24,11803,9360,3824,79.3,40.9,32.4,2443,5536
ROBESON,25-34,14646,13296,5360,90.8,40.3,36.6,1350,7936
ROBESON,35-44,13243,11211,5972,84.7,53.3,45.1,2032,5239
ROBESON,45-54,14111,11240,7762,79.7,69.1,55.0,2871,3478
ROBESON,55-64,14158,12244,9149,86.5,74.7,64.6,1914,3095
ROBESON,65-74,11524,11205,8521,97.2,76.0,73.9,319,2684
ROBESON,75+,7229,8472,5272,117.2,62.2,72.9,0,3200
ROCKINGHAM,18-24,6700,5410,3625,80.7,67.0,54.1,1290,1785
ROCKINGHAM,25-34,10513,9139,5853,86.9,64.0,55.7,1374,3286
ROCKINGHAM,35-44,10462,8738,6218,83.5,71.2,59.4,1724,2520
ROCKINGHAM,45-54,12039,9060,7730,75.3,85.3,64.2,2979,1330
ROCKINGHAM,55-64,14230,11517,9770,80.9,84.8,68.7,2713,1747
ROCKINGHAM,65-74,11496,11120,9338,96.7,84.0,81.2,376,1782
ROCKINGHAM,75+,7980,9006,6247,112.9,69.4,78.3,0,2759
ROWAN,18-24,13072,10110,6089,77.3,60.2,46.6,2962,4021
ROWAN,25-34,19132,16057,9683,83.9,60.3,50.6,3075,6374
ROWAN,35-44,17945,14762,10434,82.3,70.7,58.1,3183,4328
ROWAN,45-54,19103,14026,11700,73.4,83.4,61.2,5077,2326
ROWAN,55-64,20836,17621,14815,84.6,84.1,71.1,3215,2806
ROWAN,65-74,16130,16114,12983,99.9,80.6,80.5,16,3131
ROWAN,75+,10451,12708,8921,121.6,70.2,85.4,0,3787
RUTHERFORD,18-24,4626,4130,2510,89.3,60.8,54.3,496,1620
RUTHERFORD,25-34,7508,6533,3891,87.0,59.6,51.8,975,2642
RUTHERFORD,35-44,7081,6218,4213,87.8,67.8,59.5,863,2005
RUTHERFORD,45-54,8647,6686,5450,77.3,81.5,63.0,1961,1236
RUTHERFORD,55-64,9637,8480,7042,88.0,83.0,73.1,1157,1438
RUTHERFORD,65-74,8531,8292,6558,97.2,79.1,76.9,239,1734
RUTHERFORD,75+,5940,6893,4444,116.0,64.5,74.8,0,2449
SAMPSON,18-24,5076,4438,2489,87.4,56.1,49.0,638,1949
SAMPSON,25-34,6725,6146,3359,91.4,54.7,49.9,579,2787
SAMPSON,35-44,7100,5086,3497,71.6,68.8,49.3,2014,1589
SAMPSON,45-54,7573,5424,4497,71.6,82.9,59.4,2149,927
SAMPSON,55-64,7619,6306,5292,82.8,83.9,69.5,1313,1014
SAMPSON,65-74,6424,6200,5096,96.5,82.2,79.3,224,1104
SAMPSON,75+,4369,5063,3446,115.9,68.1,78.9,0,1617
SCOTLAND,18-24,3128,2351,1024,75.2,43.6,32.7,777,1327
SCOTLAND,25-34,4375,3121,1416,71.3,45.4,32.4,1254,1705
SCOTLAND,35-44,3774,3036,1734,80.4,57.1,45.9,738,1302
SCOTLAND,45-54,4122,3189,2358,77.4,73.9,57.2,933,831
SCOTLAND,55-64,4229,3616,2925,85.5,80.9,69.2,613,691
SCOTLAND,65-74,3680,3605,2931,98.0,81.3,79.6,75,674
SCOTLAND,75+,2502,2952,1961,118.0,66.4,78.4,0,991
STANLY,18-24,5306,4464,3004,84.1,67.3,56.6,842,1460
STANLY,25-34,8365,7449,5141,89.0,69.0,61.5,916,2308
STANLY,35-44,7527,7259,5389,96.4,74.2,71.6,268,1870
STANLY,45-54,8179,6628,5742,81.0,86.6,70.2,1551,886
STANLY,55-64,8813,8182,7062,92.8,86.3,80.1,631,1120
STANLY,65-74,7192,7180,6037,99.8,84.1,83.9,12,1143
STANLY,75+,5170,5995,4179,116.0,69.7,80.8,0,1816
STOKES,18-24,3200,2885,2086,90.2,72.3,65.2,315,799
STOKES,25-34,4685,4732,3285,101.0,69.4,70.1,0,1447
STOKES,35-44,4764,4427,3428,92.9,77.4,72.0,337,999
STOKES,45-54,6507,4648,4249,71.4,91.4,65.3,1859,399
STOKES,55-64,7144,6482,5650,90.7,87.2,79.1,662,832
STOKES,65-74,5989,6011,4917,100.4,81.8,82.1,0,1094
STOKES,75+,4452,4580,3250,102.9,71.0,73.0,0,1330
SURRY,18-24,5568,4689,3007,84.2,64.1,54.0,879,1682
SURRY,25-34,8173,7243,4579,88.6,63.2,56.0,930,2664
SURRY,35-44,7859,6345,4567,80.7,72.0,58.1,1514,1778
SURRY,45-54,9343,6731,5784,72.0,85.9,61.9,2612,947
SURRY,55-64,10607,8606,7483,81.1,87.0,70.5,2001,1123
SURRY,65-74,8414,8125,6685,96.6,82.3,79.5,289,1440
SURRY,75+,6322,7023,4837,111.1,68.9,76.5,0,2186
SWAIN,18-24,1185,819,464,69.1,56.7,39.2,366,355
SWAIN,25-34,1610,1367,765,84.9,56.0,47.5,243,602
SWAIN,35-44,1802,1404,927,77.9,66.0,51.4,398,477
SWAIN,45-54,1733,1465,1075,84.5,73.4,62.0,268,390
SWAIN,55-64,2068,1741,1382,84.2,79.4,66.8,327,359
SWAIN,65-74,1622,1820,1366,112.2,75.1,84.2,0,454
SWAIN,75+,1204,1422,921,118.1,64.8,76.5,0,501
TRANSYLVANIA,18-24,2496,1975,1276,79.1,64.6,51.1,521,699
TRANSYLVANIA,25-34,3336,3120,1965,93.5,63.0,58.9,216,1155
TRANSYLVANIA,35-44,3388,3463,2568,102.2,74.2,75.8,0,895
TRANSYLVANIA,45-54,3641,3333,2676,91.5,80.3,73.5,308,657
TRANSYLVANIA,55-64,5103,4071,3649,79.8,89.6,71.5,1032,422
TRANSYLVANIA,65-74,5575,5368,4547,96.3,84.7,81.6,207,821
TRANSYLVANIA,75+,4837,5416,3739,112.0,69.0,77.3,0,1677
TYRRELL,18-24,130,161,78,123.8,48.4,60.0,0,83
TYRRELL,25-34,408,278,166,68.1,59.7,40.7,130,112
TYRRELL,35-44,452,313,218,69.2,69.6,48.2,139,95
TYRRELL,45-54,474,325,253,68.6,77.8,53.4,149,72
TYRRELL,55-64,351,391,357,111.4,91.3,101.7,0,34
TYRRELL,65-74,523,516,383,98.7,74.2,73.2,7,133
TYRRELL,75+,532,379,252,71.2,66.5,47.4,153,127
UNION,18-24,23789,23690,14884,99.6,62.8,62.6,99,8806
UNION,25-34,25021,26844,15939,107.3,59.4,63.7,0,10905
UNION,35-44,33515,27208,22262,81.2,81.8,66.4,6307,4946
UNION,45-54,38896,32924,28760,84.6,87.4,73.9,5972,4164
UNION,55-64,31475,33212,26610,105.5,80.1,84.5,0,6602
UNION,65-74,20564,22958,17984,111.6,78.3,87.5,0,4974
UNION,75+,13390,17236,11904,128.7,69.1,88.9,0,5332
VANCE,18-24,3630,2803,1454,77.2,51.9,40.1,827,1349
VANCE,25-34,5179,4254,2185,82.1,51.4,42.2,925,2069
VANCE,35-44,4595,3893,2438,84.7,62.6,53.1,702,1455
VANCE,45-54,4976,3842,3061,77.2,79.7,61.5,1134,781
VANCE,55-64,5619,4751,4041,84.6,85.1,71.9,868,710
VANCE,65-74,4901,4674,3857,95.4,82.5,78.7,227,817
VANCE,75+,3262,3849,2675,118.0,69.5,82.0,0,1174
WAKE,18-24,104796,94769,67197,90.4,70.9,64.1,10027,27572
WAKE,25-34,172434,163833,104527,95.0,63.8,60.6,8601,59306
WAKE,35-44,177818,149667,113308,84.2,75.7,63.7,28151,36359
WAKE,45-54,164529,140542,118246,85.4,84.1,71.9,23987,22296
WAKE,55-64,135977,130422,106550,95.9,81.7,78.4,5555,23872
WAKE,65-74,93134,98629,79640,105.9,80.7,85.5,0,18989
WAKE,75+,58786,76550,53158,130.2,69.4,90.4,0,23392
WARREN,18-24,1241,930,520,74.9,55.9,41.9,311,410
WARREN,25-34,1935,1598,872,82.6,54.6,45.1,337,726
WARREN,35-44,2012,1626,1119,80.8,68.8,55.6,386,507
WARREN,45-54,2068,1599,1258,77.3,78.7,60.8,469,341
WARREN,55-64,3015,2411,2166,80.0,89.8,71.8,604,245
WARREN,65-74,3014,2945,2429,97.7,82.5,80.6,69,516
WARREN,75+,2204,2362,1562,107.2,66.1,70.9,0,800
WASHINGTON,18-24,851,752,359,88.4,47.7,42.2,99,393
WASHINGTON,25-34,963,1057,524,109.8,49.6,54.4,0,533
WASHINGTON,35-44,1076,1003,592,93.2,59.0,55.0,73,411
WASHINGTON,45-54,1184,982,746,82.9,76.0,63.0,202,236
WASHINGTON,55-64,1644,1393,1177,84.7,84.5,71.6,251,216
WASHINGTON,65-74,1931,1684,1433,87.2,85.1,74.2,247,251
WASHINGTON,75+,1099,1342,941,122.1,70.1,85.6,0,401
WATAUGA,18-24,17338,11481,9140,66.2,79.6,52.7,5857,2341
WATAUGA,25-34,5305,8362,3513,157.6,42.0,66.2,0,4849
WATAUGA,35-44,5176,4741,3568,91.6,75.3,68.9,435,1173
WATAUGA,45-54,5148,4396,3667,85.4,83.4,71.2,752,729
WATAUGA,55-64,6045,4975,4359,82.3,87.6,72.1,1070,616
WATAUGA,65-74,5739,5492,4651,95.7,84.7,81.0,247,841
WATAUGA,75+,3696,4759,3225,128.8,67.8,87.3,0,1534
WAYNE,18-24,11516,7897,4359,68.6,55.2,37.9,3619,3538
WAYNE,25-34,16280,12391,6494,76.1,52.4,39.9,3889,5897
WAYNE,35-44,13888,11451,7310,82.5,63.8,52.6,2437,4141
WAYNE,45-54,13782,10763,8294,78.1,77.1,60.2,3019,2469
WAYNE,55-64,14910,12706,10763,85.2,84.7,72.2,2204,1943
WAYNE,65-74,12283,12299,10049,100.1,81.7,81.8,0,2250
WAYNE,75+,7979,9311,6376,116.7,68.5,79.9,0,2935
WILKES,18-24,4992,4062,2901,81.4,71.4,58.1,930,1161
WILKES,25-34,7353,6256,4184,85.1,66.9,56.9,1097,2072
WILKES,35-44,6958,5728,4470,82.3,78.0,64.2,1230,1258
WILKES,45-54,8737,6378,5600,73.0,87.8,64.1,2359,778
WILKES,55-64,9626,7915,6934,82.2,87.6,72.0,1711,981
WILKES,65-74,8615,8002,6819,92.9,85.2,79.2,613,1183
WILKES,75+,6495,6951,4864,107.0,70.0,74.9,0,2087
WILSON,18-24,6960,5434,3190,78.1,58.7,45.8,1526,2244
WILSON,25-34,9751,8696,4868,89.2,56.0,49.9,1055,3828
WILSON,35-44,9350,7950,5351,85.0,67.3,57.2,1400,2599
WILSON,45-54,9448,7620,6063,80.7,79.6,64.2,1828,1557
WILSON,55-64,10470,9212,7726,88.0,83.9,73.8,1258,1486
WILSON,65-74,9315,8740,7229,93.8,82.7,77.6,575,1511
WILSON,75+,6002,7199,4897,119.9,68.0,81.6,0,2302
YADKIN,18-24,3011,2359,1635,78.3,69.3,54.3,652,724
YADKIN,25-34,4453,3881,2662,87.2,68.6,59.8,572,1219
YADKIN,35-44,4000,3329,2482,83.2,74.6,62.0,671,847
YADKIN,45-54,4968,3428,3087,69.0,90.1,62.1,1540,341
YADKIN,55-64,5848,4823,4237,82.5,87.8,72.5,1025,586
YADKIN,65-74,4560,4197,3554,92.0,84.7,77.9,363,643
YADKIN,75+,3446,3636,2569,105.5,70.7,74.6,0,1067
YANCEY,18-24,1112,1106,786,99.5,71.1,70.7,6,320
YANCEY,25-34,2046,1863,1317,91.1,70.7,64.4,183,546
YANCEY,35-44,1949,1871,1367,96.0,73.1,70.1,78,504
YANCEY,45-54,2472,2005,1696,81.1,84.6,68.6,467,309
YANCEY,55-64,2725,2390,2052,87.7,85.9,75.3,335,338
YANCEY,65-74,2960,2644,2242,89.3,84.8,75.7,316,402
YANCEY,75+,2148,2585,1687,120.3,65.3,78.5,0,898
